nh_nt_nt_nt,1
nt_nt_nt_wp,13
nt_nt_wp_n,9
nt_wp_n_v,18
wp_n_v_wp,84
n_v_wp_v,41
v_wp_v_n,53
wp_v_n_v,63
v_n_v_u,8
n_v_u_wp,32
v_u_wp_nd,1
u_wp_nd_c,1
wp_nd_c_v,2
nd_c_v_wp,1
c_v_wp_n,20
v_wp_n_a,7
wp_n_a_q,1
n_a_q_wp,1
a_q_wp_n,1
q_wp_n_v,3
wp_n_v_n,84
n_v_n_nt,1
v_n_nt_wp,1
n_nt_wp_v,2
nt_wp_v_n,10
wp_v_n_nd,5
v_n_nd_u,1
n_nd_u_n,1
nd_u_n_wp,1
u_n_wp_n,18
n_wp_n_n,25
wp_n_n_p,6
n_n_p_v,6
n_p_v_wp,17
p_v_wp_v,9
v_wp_v_j,1
wp_v_j_p,1
v_j_p_n,1
j_p_n_wp,1
p_n_wp_n,25
n_wp_n_u,17
wp_n_u_n,42
n_u_n_c,5
u_n_c_v,4
n_c_v_wp,32
c_v_wp_nh,8
v_wp_nh_p,5
wp_nh_p_v,5
nh_p_v_p,1
p_v_p_v,4
v_p_v_v,7
p_v_v_p,3
v_v_p_nh,7
v_p_nh_wp,16
p_nh_wp_nh,6
nh_wp_nh_n,7
wp_nh_n_v,24
nh_n_v_v,3
n_v_v_p,10
v_v_p_n,23
v_p_n_n,8
p_n_n_wp,14
n_n_wp_v,26
n_wp_v_n,83
wp_v_n_u,32
v_n_u_wp,62
n_u_wp_v,41
u_wp_v_v,26
wp_v_v_wp,62
v_v_wp_d,17
v_wp_d_n,4
wp_d_n_p,3
d_n_p_n,2
n_p_n_m,1
p_n_m_wp,1
n_m_wp_v,1
m_wp_v_p,2
wp_v_p_n,35
v_p_n_wp,64
p_n_wp_v,40
v_n_v_p,6
n_v_p_nh,4
v_p_nh_a,1
p_nh_a_v,1
nh_a_v_p,1
a_v_p_v,1
p_v_v_wp,14
v_v_wp_nh,10
v_wp_nh_d,7
wp_nh_d_v,20
nh_d_v_r,2
d_v_r_wp,41
v_r_wp_n,32
r_wp_n_v,21
n_v_wp_wp,108
v_wp_wp_d,37
wp_wp_d_v,40
wp_d_v_wp,63
d_v_wp_n,38
v_wp_n_v,62
n_v_n_n,14
v_n_n_d,2
n_n_d_v,5
n_d_v_v,17
d_v_v_wp,37
v_v_wp_v,47
wp_v_n_d,14
v_n_d_v,14
v_v_wp_nt,9
v_wp_nt_v,4
wp_nt_v_u,2
nt_v_u_n,2
v_u_n_p,5
u_n_p_v,3
n_p_v_v,4
wp_v_n_wp,78
v_n_wp_wp,38
n_wp_wp_v,22
wp_wp_v_nt,1
wp_v_nt_n,1
v_nt_n_wp,1
nt_n_wp_nd,1
n_wp_nd_wp,6
wp_nd_wp_v,2
nd_wp_v_n,7
v_n_wp_nh,37
n_wp_nh_wp,9
wp_nh_wp_v,7
nh_wp_v_r,4
wp_v_r_v,14
v_r_v_wp,17
r_v_wp_v,4
v_wp_v_p,18
wp_v_p_v,11
v_p_v_n,15
p_v_n_wp,39
v_n_wp_v,109
n_u_wp_p,13
u_wp_p_i,1
wp_p_i_wp,2
p_i_wp_n,1
i_wp_n_wp,1
wp_n_wp_v,19
n_wp_v_v,65
wp_v_v_u,18
v_v_u_wp,52
v_u_wp_v,43
wp_v_v_r,27
v_v_r_wp,36
v_r_wp_v,64
r_wp_v_v,15
wp_v_v_n,56
v_v_n_wp,61
v_n_wp_p,13
n_wp_p_r,5
wp_p_r_n,10
p_r_n_a,1
r_n_a_wp,3
n_a_wp_p,3
a_wp_p_p,1
wp_p_p_r,2
p_p_r_n,1
p_r_n_wp,22
r_n_wp_n,12
n_wp_n_v,95
wp_n_v_p,21
n_v_p_v,7
p_v_n_u,6
v_n_u_p,2
n_u_p_m,1
u_p_m_q,1
p_m_q_wp,5
m_q_wp_c,1
q_wp_c_v,1
wp_c_v_r,19
c_v_r_n,13
v_r_n_wp,50
r_n_wp_v,26
wp_v_n_m,3
v_n_m_q,1
n_m_q_wp,2
m_q_wp_v,2
q_wp_v_a,1
wp_v_a_m,1
v_a_m_n,1
a_m_n_wp,1
m_n_wp_v,9
v_v_r_n,9
r_n_wp_c,12
n_wp_c_v,42
c_v_r_v,2
r_v_wp_p,2
v_wp_p_v,8
wp_p_v_nt,1
p_v_nt_a,1
v_nt_a_wp,1
nt_a_wp_v,1
a_wp_v_r,3
wp_v_r_n,25
n_wp_v_b,2
wp_v_b_i,1
v_b_i_wp,1
b_i_wp_v,1
i_wp_v_n,7
v_n_v_wp,45
v_wp_v_u,9
wp_v_u_wp,32
v_u_wp_n,25
u_wp_n_wp,7
wp_n_wp_d,4
n_wp_d_v,69
wp_d_v_u,14
d_v_u_n,5
v_u_n_wp,25
n_v_wp_d,16
v_wp_d_v,64
wp_d_v_n,45
d_v_n_wp,61
v_n_wp_nt,12
n_wp_nt_nh,3
wp_nt_nh_d,3
nt_nh_d_v,3
nh_d_v_u,3
d_v_u_wp,57
v_u_wp_c,23
u_wp_c_d,11
wp_c_d_a,3
c_d_a_p,1
d_a_p_i,1
a_p_i_wp,1
p_i_wp_c,1
i_wp_c_d,3
c_d_a_u,1
d_a_u_wp,13
a_u_wp_d,5
u_wp_d_d,6
wp_d_d_a,5
d_d_a_u,4
a_u_wp_v,9
wp_v_v_a,8
v_v_a_c,1
v_a_c_v,1
a_c_v_wp,5
c_v_wp_v,19
v_wp_v_d,14
wp_v_d_v,42
v_d_v_n,16
v_n_wp_n,77
n_wp_n_d,18
wp_n_d_v,63
n_d_v_n,16
v_n_wp_c,21
n_wp_c_p,4
wp_c_p_n,5
c_p_n_c,1
p_n_c_n,3
n_c_n_v,8
c_n_v_n,2
n_v_n_wp,67
n_wp_p_v,13
wp_p_v_u,4
p_v_u_v,3
v_u_v_c,1
u_v_c_nh,1
v_c_nh_v,1
c_nh_v_wp,2
nh_v_wp_d,3
v_wp_d_d,6
wp_d_d_v,24
d_d_v_r,2
r_wp_v_c,2
wp_v_c_a,4
v_c_a_n,2
c_a_n_wp,3
a_n_wp_nd,4
n_wp_nd_c,1
nd_c_v_u,1
c_v_u_wp,12
v_u_wp_d,19
u_wp_d_v,25
wp_d_v_v,39
d_v_v_d,2
v_v_d_wp,1
v_d_wp_v,2
d_wp_v_u,1
wp_v_u_a,1
v_u_a_u,2
u_a_u_wp,5
a_u_wp_q,1
u_wp_q_v,1
wp_q_v_v,1
q_v_v_u,1
u_wp_v_p,8
wp_v_p_a,5
v_p_a_wp,8
p_a_wp_c,2
a_wp_c_a,2
wp_c_a_n,1
a_n_wp_c,3
wp_c_v_v,23
c_v_v_n,6
v_n_wp_d,42
n_wp_d_d,10
d_d_v_u,10
v_u_wp_wp,94
u_wp_wp_nh,27
wp_wp_nh_v,44
wp_nh_v_wp,60
nh_v_wp_v,13
v_wp_v_c,9
wp_v_c_v,23
v_c_v_n,7
c_v_n_v,6
wp_wp_d_nt,1
wp_d_nt_v,1
d_nt_v_v,1
nt_v_v_wp,2
v_v_wp_c,10
v_wp_c_nt,1
wp_c_nt_n,2
c_nt_n_wp,1
nt_n_wp_m,1
n_wp_m_q,4
wp_m_q_u,1
m_q_u_nd,1
q_u_nd_wp,1
u_nd_wp_nh,2
nd_wp_nh_r,1
wp_nh_r_v,3
nh_r_v_n,1
r_v_n_u,4
n_u_wp_wp,37
u_wp_wp_nt,12
wp_wp_nt_wp,19
wp_nt_wp_d,6
nt_wp_d_c,1
wp_d_c_nh,1
d_c_nh_a,1
c_nh_a_wp,1
nh_a_wp_nh,2
a_wp_nh_v,6
wp_nh_v_d,3
nh_v_d_wp,1
v_d_wp_d,2
d_wp_d_v,5
d_v_wp_nh,13
nh_d_v_v,3
d_d_v_v,4
d_v_v_u,19
v_u_wp_nt,7
u_wp_nt_wp,5
wp_nt_wp_nh,20
nt_wp_nh_wp,2
wp_nh_wp_n,8
nh_wp_n_v,8
wp_n_v_ns,2
n_v_ns_wp,2
v_ns_wp_v,5
ns_wp_v_m,1
wp_v_m_n,8
v_m_n_wp,10
m_n_wp_nh,3
n_wp_nh_u,3
wp_nh_u_v,1
nh_u_v_n,2
u_v_n_u,2
wp_v_v_nh,10
v_v_nh_v,4
v_nh_v_n,4
nh_v_n_wp,25
wp_v_b_p,1
v_b_p_n,1
b_p_n_c,1
p_n_c_v,5
n_c_v_r,16
c_v_r_wp,36
r_wp_v_wp,13
wp_v_wp_wp,82
v_wp_wp_v,124
wp_wp_v_n,53
wp_v_n_k,4
v_n_k_nd,1
n_k_nd_wp,1
k_nd_wp_v,1
nd_wp_v_nh,1
wp_v_nh_k,1
v_nh_k_nd,1
nh_k_nd_wp,1
k_nd_wp_wp,1
nd_wp_wp_nh,1
wp_wp_nh_n,12
wp_nh_n_p,6
nh_n_p_n,2
n_p_n_wp,28
wp_v_n_p,20
v_n_p_n,21
wp_v_v_v,36
v_v_v_n,13
v_v_n_c,4
v_n_c_v,30
v_wp_v_wp,23
v_wp_wp_n,122
wp_wp_n_v,82
n_v_n_u,14
v_n_u_v,11
n_u_v_d,2
u_v_d_p,1
v_d_p_n,2
d_p_n_wp,4
p_n_wp_r,4
n_wp_r_v,16
wp_r_v_d,4
r_v_d_p,2
p_n_wp_nt,3
nh_d_v_n,8
n_d_v_wp,48
wp_nh_d_p,2
nh_d_p_wp,1
d_p_wp_c,1
p_wp_c_j,1
wp_c_j_wp,3
c_j_wp_n,2
j_wp_n_u,1
wp_n_u_wp,14
n_u_wp_c,20
u_wp_c_p,4
wp_c_p_j,1
c_p_j_v,1
p_j_v_nh,1
j_v_nh_wp,1
v_nh_wp_v,3
wp_v_r_wp,21
v_r_wp_wp,35
r_wp_wp_n,10
n_v_n_v,23
wp_v_n_c,17
v_n_c_r,1
n_c_r_wp,2
c_r_wp_wp,2
r_wp_wp_p,5
wp_wp_p_v,25
wp_p_v_wp,29
p_v_wp_wp,36
wp_wp_n_u,13
wp_n_u_v,9
n_u_v_v,1
u_v_v_a,1
v_v_a_u,2
v_a_u_wp,12
a_u_wp_r,4
u_wp_r_d,10
wp_r_d_d,2
r_d_d_v,2
d_d_v_wp,19
v_wp_n_d,20
v_wp_n_n,19
wp_n_n_u,16
n_n_u_wp,14
n_u_wp_n,24
u_wp_n_v,25
n_u_v_u,9
u_v_u_wp,20
u_wp_v_n,19
n_wp_v_r,28
v_r_n_u,9
r_n_u_wp,18
n_u_wp_r,9
u_wp_r_v,10
wp_r_v_u,8
r_v_u_wp,24
v_u_wp_p,9
u_wp_p_n,6
wp_p_n_v,13
p_n_v_n,10
n_u_wp_j,4
u_wp_j_v,2
wp_j_v_n,7
j_v_n_wp,6
d_v_v_r,9
r_n_wp_nh,9
n_wp_nh_n,15
nh_n_v_p,2
n_v_p_n,21
wp_c_v_n,33
c_v_n_u,11
u_wp_n_r,4
wp_n_r_c,1
n_r_c_k,1
r_c_k_d,1
c_k_d_v,1
k_d_v_nh,1
d_v_nh_u,1
v_nh_u_wp,7
nh_u_wp_n,4
u_wp_n_u,8
n_u_n_nh,2
u_n_nh_wp,1
n_nh_wp_r,1
nh_wp_r_r,1
wp_r_r_q,1
r_r_q_u,1
r_q_u_v,1
q_u_v_wp,1
u_v_wp_wp,8
v_wp_wp_nh,44
wp_wp_nh_p,10
wp_nh_p_r,3
nh_p_r_wp,3
p_r_wp_c,3
r_wp_c_n,4
wp_c_n_j,1
c_n_j_j,1
n_j_j_wp,1
j_j_wp_d,1
j_wp_d_v,1
wp_d_v_d,15
d_v_d_v,14
v_d_v_u,12
u_n_wp_nt,2
n_wp_nt_nt,3
wp_nt_nt_wp,10
nt_nt_wp_nh,7
nt_wp_nh_v,15
wp_nh_v_nh,7
nh_v_nh_wp,2
nh_wp_v_v,4
v_u_wp_nh,7
u_wp_nh_wp,1
n_wp_v_nh,7
wp_v_nh_u,3
u_wp_n_c,3
wp_n_c_j,1
n_c_j_wp,1
c_j_wp_v,1
j_wp_v_n,1
wp_v_n_n,23
v_n_n_wp,34
n_n_wp_n,24
wp_n_n_v,37
n_n_v_wp,25
n_wp_nh_p,2
wp_nh_p_nh,6
nh_p_nh_wp,4
p_nh_wp_j,2
nh_wp_j_n,1
wp_j_n_d,1
j_n_d_v,1
d_v_wp_v,55
wp_wp_n_d,28
c_v_r_p,2
v_r_p_nh,2
r_p_nh_v,1
p_nh_v_wp,8
nh_v_wp_nt,3
wp_nt_v_r,2
nt_v_r_n,3
v_r_n_d,1
r_n_d_d,2
n_d_d_u,1
d_d_u_wp,1
d_u_wp_d,2
wp_d_v_r,30
d_v_r_r,4
v_r_r_wp,4
r_r_wp_wp,7
wp_wp_n_nd,5
wp_n_nd_v,5
n_nd_v_wp,5
nd_v_wp_wp,9
v_wp_wp_m,7
wp_wp_m_n,8
wp_m_n_v,4
m_n_v_d,1
n_v_d_d,1
v_d_d_a,2
d_d_a_wp,6
d_a_wp_i,1
a_wp_i_nh,1
wp_i_nh_u,1
i_nh_u_wp,1
nh_u_wp_nt,2
u_wp_nt_d,1
wp_nt_d_v,7
nt_d_v_d,2
v_d_v_wp,34
wp_n_n_wp,23
n_wp_v_d,13
n_wp_p_n,8
wp_p_n_wp,6
n_n_wp_a,12
n_wp_a_v,12
wp_a_v_i,1
a_v_i_wp,1
v_i_wp_c,3
wp_c_d_r,1
c_d_r_a,1
d_r_a_wp,1
r_a_wp_p,2
a_wp_p_n,2
n_wp_n_k,1
wp_n_k_v,2
n_k_v_wp,1
k_v_wp_c,1
v_wp_c_nd,1
wp_c_nd_v,3
c_nd_v_v,1
nd_v_v_wp,2
v_v_wp_r,4
v_wp_r_u,1
wp_r_u_v,2
r_u_v_k,1
u_v_k_wp,1
v_k_wp_n,3
k_wp_n_c,1
wp_n_c_r,1
c_r_wp_v,1
r_wp_v_r,6
v_r_n_c,8
r_n_c_p,1
n_c_p_r,1
c_p_r_n,3
n_wp_v_p,22
v_p_n_d,1
p_n_d_v,2
d_v_d_a,3
v_d_a_wp,10
d_a_wp_n,8
a_wp_n_n,2
wp_n_n_n,4
n_n_n_d,1
n_d_v_r,12
v_r_wp_u,2
r_wp_u_p,2
wp_u_p_v,1
u_p_v_r,1
p_v_r_u,1
v_r_u_wp,5
r_u_wp_nt,1
u_wp_nt_v,3
wp_nt_v_n,3
nt_v_n_q,1
v_n_q_v,1
n_q_v_n,1
q_v_n_n,1
v_n_n_u,10
u_wp_nt_u,1
wp_nt_u_n,3
nt_u_n_wp,3
u_n_wp_u,1
n_wp_u_v,1
wp_u_v_d,2
u_v_d_v,1
wp_v_d_p,2
v_d_p_wp,1
d_p_wp_v,2
p_wp_v_v,3
v_v_v_wp,22
v_wp_v_a,5
wp_v_a_v,4
v_a_v_v,3
a_v_v_wp,6
wp_c_v_u,7
c_v_u_n,6
v_u_n_a,1
u_n_a_wp,2
n_a_wp_n,7
a_wp_n_d,4
wp_n_d_p,6
n_d_p_v,3
d_p_v_d,1
p_v_d_d,1
v_d_d_wp,4
d_d_wp_v,2
d_wp_v_v,4
r_wp_wp_nt,6
wp_wp_nt_m,2
wp_nt_m_n,5
nt_m_n_wp,4
n_wp_n_nt,3
wp_n_nt_nt,10
n_nt_nt_nt,9
nt_nt_wp_i,1
nt_wp_i_wp,3
wp_i_wp_v,10
i_wp_v_v,5
v_v_wp_n,33
wp_n_v_r,33
n_v_r_n,13
n_wp_c_n,9
wp_c_n_p,4
c_n_p_n,2
c_v_wp_nd,2
v_wp_nd_wp,5
wp_nd_wp_n,7
nd_wp_n_v,9
n_wp_n_nd,3
wp_n_nd_n,1
n_nd_n_wp,3
nd_n_wp_n,4
v_wp_wp_r,49
wp_wp_r_v,19
wp_r_v_n,13
r_v_n_wp,10
n_wp_wp_d,6
wp_wp_d_a,3
wp_d_a_wp,3
d_a_wp_nt,2
a_wp_nt_wp,3
nt_wp_d_v,5
u_wp_p_v,9
wp_n_d_d,7
n_d_d_p,1
d_d_p_v,1
d_p_v_n,4
r_v_wp_wp,18
wp_wp_n_n,20
n_n_p_n,8
p_n_wp_m,1
n_wp_m_v,2
wp_m_v_p,1
m_v_p_nd,1
v_p_nd_wp,4
p_nd_wp_wp,1
nd_wp_wp_n,3
n_wp_wp_nt,3
wp_nt_wp_n,15
nt_wp_n_n,4
n_n_v_v,16
n_v_v_a,6
v_v_a_n,10
v_a_n_wp,27
a_n_wp_n,17
u_wp_wp_p,14
wp_wp_v_a,4
wp_v_a_p,3
v_a_p_r,2
a_p_r_n,3
wp_c_n_v,8
c_n_v_p,5
n_v_p_r,4
v_p_r_n,4
r_wp_n_d,6
v_r_wp_c,13
wp_c_n_u,3
c_n_u_n,3
n_u_n_d,1
u_n_d_v,1
d_v_wp_wp,41
wp_wp_v_v,69
n_wp_nt_n,6
wp_nt_n_wp,7
nt_n_wp_v,3
v_v_n_p,5
n_v_wp_n,31
v_wp_wp_nd,4
wp_wp_nd_n,5
wp_nd_n_c,2
nd_n_c_nd,1
n_c_nd_wp,1
c_nd_wp_d,1
nd_wp_d_v,2
u_wp_wp_v,47
wp_v_a_n,7
v_a_n_v,8
a_n_v_wp,13
n_v_wp_a,5
v_wp_a_p,3
wp_a_p_v,3
a_p_v_n,2
p_v_n_k,1
v_n_k_wp,6
n_k_wp_v,7
k_wp_v_p,1
n_wp_v_c,5
v_c_v_wp,28
c_v_wp_d,17
v_r_wp_nt,8
r_wp_nt_nt,1
wp_n_v_nh,15
n_v_nh_n,6
v_nh_n_wp,10
nh_n_wp_nh,5
n_wp_nh_nh,11
wp_nh_nh_wp,5
nh_nh_wp_n,3
nh_wp_n_u,2
n_u_v_r,3
u_v_r_wp,6
v_r_wp_nh,15
r_wp_nh_v,11
wp_nh_v_r,13
nh_v_r_wp,15
r_wp_v_p,10
wp_v_p_nh,9
p_nh_wp_n,7
wp_wp_r_n,12
wp_r_n_a,3
wp_p_n_n,4
p_n_n_u,5
n_n_u_n,16
n_u_n_wp,57
u_n_wp_p,5
n_wp_p_a,2
wp_p_a_wp,1
p_a_wp_nh,2
a_wp_nh_d,1
nh_d_v_wp,8
d_v_wp_a,5
v_wp_a_wp,3
wp_a_wp_v,1
wp_v_r_nd,3
v_r_nd_v,1
r_nd_v_c,1
nd_v_c_v,1
v_c_v_r,12
v_r_wp_r,6
r_wp_r_v,2
wp_r_v_r,6
r_v_r_n,1
r_n_wp_d,6
d_v_v_n,13
v_u_v_r,3
v_r_wp_d,20
r_wp_d_d,3
wp_wp_p_r,7
wp_p_r_wp,2
p_r_wp_n,8
r_wp_n_n,3
n_wp_a_nh,1
wp_a_nh_v,2
a_nh_v_wp,1
nh_v_wp_wp,63
v_wp_wp_wp,3
wp_wp_wp_n,4
wp_wp_n_wp,7
n_wp_v_wp,34
v_v_wp_i,2
v_wp_i_wp,8
wp_i_wp_wp,3
i_wp_wp_v,2
wp_v_v_p,27
u_wp_wp_n,39
wp_n_v_v,57
n_v_v_wp,63
v_v_wp_wp,79
wp_wp_nh_wp,5
wp_nh_wp_nd,1
nh_wp_nd_v,1
wp_nd_v_n,3
nd_v_n_wp,4
n_wp_v_a,3
v_a_n_nt,1
a_n_nt_wp,1
nt_wp_v_nh,1
wp_v_nh_n,4
nh_n_wp_d,2
wp_d_v_ns,1
d_v_ns_c,1
v_ns_c_v,1
ns_c_v_r,1
n_wp_nh_v,43
nh_v_nh_c,1
v_nh_c_v,1
nh_c_v_r,1
r_wp_nt_nh,1
wp_nt_nh_v,2
nt_nh_v_d,1
nh_v_d_v,2
v_wp_v_v,46
v_n_wp_m,5
n_wp_m_n,3
wp_m_n_d,5
m_n_d_v,4
d_v_wp_p,4
v_wp_p_i,1
p_i_wp_p,1
i_wp_p_v,4
p_v_wp_p,1
v_wp_p_n,10
p_n_wp_p,5
p_r_n_u,3
u_wp_v_k,1
wp_v_k_wp,1
v_k_wp_nd,1
k_wp_nd_n,1
wp_nd_n_v,5
nd_n_v_n,1
v_n_v_n,19
wp_n_n_m,2
n_n_m_wp,2
n_m_wp_n,3
m_wp_n_n,1
wp_n_a_n,5
n_a_n_r,1
a_n_r_wp,1
n_r_wp_c,3
r_wp_c_r,1
wp_c_r_v,7
c_r_v_n,1
p_n_wp_i,1
n_wp_i_wp,12
wp_i_wp_d,1
i_wp_d_v,2
d_v_v_v,2
v_n_wp_j,3
n_wp_j_n,1
wp_j_n_v,4
j_n_v_nd,1
n_v_nd_wp,2
v_nd_wp_v,3
v_n_nd_wp,3
n_nd_wp_v,4
nd_wp_v_v,6
v_v_a_wp,3
v_a_wp_a,2
a_wp_a_n,3
wp_a_n_v,27
wp_d_v_p,25
d_v_p_n,13
v_p_n_nd,5
p_n_nd_wp,5
n_nd_wp_n,6
nd_wp_n_a,1
wp_n_a_v,15
n_a_v_a,2
a_v_a_n,2
a_n_v_c,1
n_v_c_v,16
n_v_v_v,7
wp_wp_v_m,3
wp_v_m_wp,1
v_m_wp_nh,1
m_wp_nh_u,1
wp_nh_u_wp,2
nh_u_wp_m,1
u_wp_m_n,1
v_n_m_v,1
n_m_v_wp,3
m_v_wp_v,1
wp_v_p_nl,3
v_p_nl_wp,3
p_nl_wp_n,1
nl_wp_n_n,1
n_n_v_r,5
n_v_r_wp,45
r_wp_v_d,3
n_wp_wp_a,2
wp_wp_a_n,18
a_n_v_nh,1
n_v_nh_nh,2
v_nh_nh_wp,4
nh_nh_wp_nh,5
nh_wp_nh_nh,2
wp_nh_nh_v,26
nh_nh_v_nd,1
nh_v_nd_wp,2
v_nd_wp_j,1
nd_wp_j_v,1
wp_j_v_a,1
j_v_a_wp,1
v_a_wp_v,8
wp_n_v_u,13
v_p_v_wp,11
wp_wp_v_c,9
c_v_wp_wp,10
v_n_v_v,20
wp_wp_n_nh,6
wp_n_nh_v,7
n_nh_v_n,4
nh_v_n_n,2
n_wp_n_nh,4
wp_n_nh_wp,6
n_nh_wp_n,5
nh_wp_n_n,6
n_n_n_wp,4
n_n_wp_nh,8
d_v_wp_j,1
v_wp_j_nt,1
wp_j_nt_p,1
j_nt_p_a,1
nt_p_a_wp,1
p_a_wp_d,4
a_wp_d_v,14
v_n_v_r,15
d_v_r_v,3
n_v_wp_p,7
wp_p_v_n,18
wp_v_v_m,3
v_v_m_n,3
v_m_n_a,2
m_n_a_wp,2
n_a_wp_a,2
wp_a_n_d,6
a_n_d_v,6
nh_n_v_n,8
n_v_n_nd,4
v_n_nd_n,2
nd_n_wp_v,3
p_nl_wp_v,1
nl_wp_v_r,1
v_r_n_n,6
r_n_n_wp,10
n_wp_a_n,19
a_n_v_r,2
n_v_r_p,5
v_r_p_n,5
r_p_n_wp,6
n_wp_v_nd,1
wp_v_nd_wp,1
v_n_n_nh,1
n_n_nh_j,1
n_nh_j_wp,1
nh_j_wp_a,1
j_wp_a_n,1
wp_nh_v_v,22
nh_v_v_wp,8
wp_wp_v_u,19
wp_wp_nh_nh,13
nh_nh_v_wp,14
v_wp_wp_c,14
wp_wp_c_v,11
wp_c_v_nh,5
c_v_nh_wp,2
v_nh_wp_d,1
nh_wp_d_v,6
v_wp_i_u,1
wp_i_u_wp,1
i_u_wp_wp,2
u_wp_wp_nd,2
wp_wp_nd_wp,2
wp_nd_wp_nh,5
nd_wp_nh_n,3
nh_n_p_nh,2
n_p_nh_n,3
p_nh_n_wp,3
wp_nh_v_n,33
nh_v_n_u,4
n_u_wp_nh,7
u_wp_nh_v,9
wp_nh_v_c,5
nh_v_c_v,4
v_c_v_u,7
n_v_v_r,8
v_wp_wp_p,13
u_wp_r_n,4
wp_r_n_wp,5
r_n_wp_wp,11
wp_v_c_p,1
v_c_p_r,1
wp_p_n_m,1
p_n_m_n,1
n_m_n_n,1
m_n_n_v,1
n_n_v_n,6
v_n_n_p,4
n_p_n_nh,2
p_n_nh_u,2
n_nh_u_n,4
nh_u_n_wp,3
u_n_wp_v,27
n_n_wp_wp,5
wp_nh_wp_u,1
nh_wp_u_wp,1
wp_u_wp_n,1
u_wp_n_n,9
n_n_n_c,2
n_n_c_v,8
v_wp_nd_v,1
wp_nd_v_a,1
nd_v_a_v,1
v_a_v_wp,3
a_v_wp_nh,1
v_wp_nh_v,27
wp_n_v_a,10
n_v_a_wp,8
v_a_wp_wp,4
a_wp_wp_c,2
wp_c_v_wp,20
v_n_d_a,5
n_d_a_wp,7
a_wp_nt_r,1
wp_nt_r_v,2
nt_r_v_u,1
u_wp_wp_a,8
r_v_n_p,1
wp_v_p_nd,3
p_nd_wp_r,1
nd_wp_r_nd,1
wp_r_nd_u,1
r_nd_u_nd,1
nd_u_nd_u,1
u_nd_u_wp,2
nd_u_wp_wp,3
wp_wp_n_a,12
n_a_v_wp,6
a_v_wp_wp,15
wp_wp_r_m,1
wp_r_m_q,1
r_m_q_wp,1
m_q_wp_r,2
q_wp_r_v,2
wp_r_v_v,11
r_v_v_u,3
v_u_wp_r,12
r_v_u_nd,1
v_u_nd_u,1
c_v_n_wp,26
wp_m_q_d,2
m_q_d_a,1
q_d_a_wp,1
d_a_wp_nh,3
nh_v_n_v,8
v_n_v_nh,3
n_v_nh_v,3
v_nh_v_wp,5
nh_v_wp_c,1
v_wp_c_d,6
wp_c_d_v,20
c_d_v_n,5
v_v_wp_a,3
v_wp_a_v,5
wp_a_v_r,5
a_v_r_wp,6
wp_v_n_nh,3
v_n_nh_p,1
n_nh_p_v,2
nh_p_v_wp,4
n_wp_nt_wp,15
wp_nh_v_p,11
nh_v_p_n,3
v_p_n_v,15
p_n_v_wp,21
v_wp_n_nt,4
nt_nt_wp_a,1
nt_wp_a_wp,1
wp_a_wp_n,4
a_wp_n_wp,3
v_v_p_ns,3
v_p_ns_wp,3
p_ns_wp_nt,2
ns_wp_nt_i,1
wp_nt_i_wp,3
nt_i_wp_n,1
i_wp_n_v,9
wp_n_v_b,2
n_v_b_n,3
v_b_n_wp,6
b_n_wp_nh,2
nh_wp_v_n,7
wp_v_r_d,5
v_r_d_v,8
r_d_v_wp,9
n_wp_wp_ns,1
wp_wp_ns_v,1
wp_ns_v_v,1
ns_v_v_wp,1
v_wp_n_nh,4
wp_n_nh_n,2
n_nh_n_v,2
wp_wp_n_c,7
wp_n_c_d,3
n_c_d_v,5
c_d_v_wp,8
n_v_v_n,19
v_v_n_n,9
n_n_wp_c,9
wp_v_d_n,1
v_d_n_wp,1
d_n_wp_n,2
wp_n_n_i,1
n_n_i_wp,1
n_i_wp_n,3
nh_v_p_r,1
v_p_r_wp,6
p_r_wp_j,1
r_wp_j_n,1
wp_j_n_wp,2
j_n_wp_p,1
wp_p_a_n,3
p_a_n_v,4
n_v_wp_nl,1
v_wp_nl_p,1
wp_nl_p_n,1
nl_p_n_wp,1
n_wp_v_u,16
wp_v_u_d,3
v_u_d_v,3
u_d_v_wp,6
wp_c_v_a,5
c_v_a_n,2
a_n_wp_v,9
v_v_wp_b,1
v_wp_b_n,3
wp_b_n_n,2
b_n_n_v,1
v_n_n_v,8
v_p_n_u,3
p_n_u_nd,2
n_u_nd_wp,7
u_nd_wp_n,2
wp_n_v_k,1
n_v_k_n,1
v_k_n_i,1
k_n_i_wp,1
n_v_v_u,5
v_wp_n_wp,11
wp_n_wp_wp,2
wp_wp_v_wp,18
wp_a_n_n,5
a_n_n_v,4
wp_v_v_c,9
v_v_c_n,2
v_c_n_v,1
c_n_v_k,1
n_v_k_wp,1
v_k_wp_d,2
k_wp_d_v,3
d_v_n_u,17
v_u_v_n,3
v_n_u_n,32
wp_n_d_b,2
n_d_b_n,1
d_b_n_wp,1
p_nh_wp_v,7
wp_nh_wp_nh,3
wp_nh_n_nh,4
nh_n_nh_n,2
n_nh_n_wp,2
nh_n_wp_c,1
n_wp_c_nh,2
wp_c_nh_c,1
c_nh_c_nh,1
nh_c_nh_wp,1
c_nh_wp_nh,1
nh_wp_nh_p,2
nh_p_v_v,1
v_wp_nt_i,1
nt_i_wp_nh,1
i_wp_nh_n,3
n_d_d_v,8
v_v_wp_nd,4
v_wp_nd_n,2
wp_nd_n_u,1
nd_n_u_n,2
u_n_wp_b,1
n_wp_b_u,1
wp_b_u_wp,5
b_u_wp_c,2
wp_c_p_v,5
c_p_v_c,1
p_v_c_v,1
v_r_wp_b,2
r_wp_b_u,2
u_wp_c_n,7
wp_c_n_d,4
c_n_d_v,3
wp_v_wp_nh,4
wp_nh_p_nt,1
nh_p_nt_wp,1
p_nt_wp_m,1
nt_wp_m_wp,1
wp_m_wp_wp,4
m_wp_wp_nd,1
wp_nd_n_n,4
nd_n_n_wp,3
n_n_wp_d,12
d_d_v_p,3
d_v_p_v,10
v_p_v_nt,1
p_v_nt_wp,1
v_nt_wp_v,1
nt_wp_v_v,8
v_r_v_n,4
r_v_n_v,2
c_p_v_p,1
p_v_p_n,5
v_p_n_p,6
p_n_p_n,4
n_p_n_c,2
wp_wp_nt_v,3
nt_v_u_wp,1
v_u_wp_b,2
u_wp_b_u,1
b_u_wp_i,1
u_wp_i_wp,2
wp_n_v_d,12
n_v_d_nh,1
v_d_nh_v,1
d_nh_v_r,1
r_wp_c_c,1
wp_c_c_v,3
c_c_v_u,1
c_v_u_u,2
v_u_u_wp,6
u_u_wp_v,2
wp_v_d_d,6
d_d_wp_d,2
d_wp_d_d,1
wp_d_d_d,4
d_d_d_v,3
d_v_wp_nt,6
v_wp_nt_wp,15
wp_nt_wp_v,12
n_wp_n_p,12
wp_n_p_r,9
n_p_r_nd,2
p_r_nd_wp,2
r_nd_wp_nh,1
nd_wp_nh_v,3
nh_v_r_n,6
r_d_v_v,6
v_wp_r_v,3
r_v_n_c,3
n_wp_v_ns,1
wp_v_ns_wp,2
v_ns_wp_m,1
ns_wp_m_n,2
wp_m_n_wp,7
v_n_v_a,4
a_wp_a_nh,1
wp_a_nh_d,2
a_nh_d_wp,1
nh_d_wp_m,1
d_wp_m_wp,2
m_wp_wp_n,1
wp_wp_n_nt,2
nt_wp_nh_nh,7
wp_nh_nh_d,2
nh_nh_d_v,2
nh_d_v_nh,2
d_v_nh_wp,6
v_nh_wp_r,1
nh_wp_r_n,1
wp_r_n_v,12
r_n_v_r,3
n_v_r_d,1
r_d_v_u,6
u_wp_v_wp,13
v_wp_nh_i,1
wp_nh_i_c,1
nh_i_c_v,1
i_c_v_r,1
v_p_n_c,2
p_n_c_i,1
n_c_i_wp,2
c_i_wp_p,1
i_wp_p_m,1
wp_p_m_n,3
p_m_n_n,1
m_n_n_u,1
n_u_wp_a,5
u_wp_a_d,2
wp_a_d_v,5
a_d_v_v,3
v_wp_n_u,17
c_v_wp_a,2
v_wp_a_c,1
wp_a_c_v,5
a_c_v_n,4
wp_v_c_d,3
v_c_d_wp,3
c_d_wp_v,3
v_r_wp_nd,1
r_wp_nd_n,1
wp_nd_n_wp,1
r_wp_c_v,10
c_v_n_n,6
c_v_nh_nh,2
wp_nh_n_wp,6
nh_n_wp_nt,3
nt_wp_n_nh,3
wp_v_v_nl,1
v_v_nl_wp,1
v_nl_wp_nd,1
nl_wp_nd_nh,1
wp_nd_nh_nh,1
nd_nh_nh_wp,1
wp_nh_n_n,4
nh_n_n_wp,1
n_wp_nh_r,2
wp_nh_r_nh,1
nh_r_nh_v,1
r_nh_v_nh,1
nh_v_nh_p,1
v_nh_p_v,2
nh_p_v_n,4
n_n_u_nd,3
n_u_nd_p,1
u_nd_p_v,1
nd_p_v_n,1
wp_wp_nh_d,9
wp_v_m_nt,2
v_m_nt_u,1
m_nt_u_n,1
v_n_c_nh,2
n_c_nh_wp,1
c_nh_wp_d,1
nh_v_wp_n,9
a_n_wp_nh,5
wp_p_v_nd,1
p_v_nd_v,1
v_nd_v_wp,3
nd_v_wp_nd,1
nd_n_n_p,2
p_n_wp_nd,3
n_wp_nd_n,5
n_p_n_n,6
v_a_u_u,1
a_u_u_n,1
u_u_n_n,1
u_n_n_n,2
n_n_n_v,2
v_wp_wp_j,12
wp_wp_j_wp,2
wp_j_wp_j,1
j_wp_j_v,1
n_p_r_wp,8
r_wp_c_d,3
wp_c_d_d,1
c_d_d_v,1
n_u_n_u,32
u_n_u_wp,45
n_u_wp_d,12
u_wp_d_r,5
wp_d_r_wp,4
d_r_wp_d,1
r_wp_d_v,21
p_n_p_v,3
v_v_r_nh,1
v_r_nh_wp,1
r_nh_wp_nh,1
nh_wp_nh_v,9
v_wp_wp_ns,1
wp_wp_ns_d,1
wp_ns_d_v,1
ns_d_v_wp,1
v_a_p_nt,2
a_p_nt_wp,2
p_nt_wp_d,1
d_v_p_r,3
p_r_wp_wp,6
v_v_n_u,19
u_n_wp_d,13
d_v_n_p,5
v_n_p_p,2
n_p_p_n,1
p_p_n_c,1
n_c_n_r,2
c_n_r_wp,3
wp_c_d_p,3
c_d_p_r,1
d_p_r_n,2
v_r_wp_p,11
r_wp_p_r,4
wp_p_r_m,3
p_r_m_n,2
r_m_n_wp,3
m_n_wp_p,1
p_v_n_p,2
v_n_p_m,1
n_p_m_q,3
m_q_wp_nh,3
q_wp_nh_v,1
wp_p_v_r,1
p_v_r_n,1
c_v_n_p,3
v_n_p_v,14
p_v_wp_nt,5
v_wp_nt_nt,4
wp_v_wp_v,9
v_v_nh_wp,3
v_nh_wp_nt,2
nh_wp_nt_wp,1
nt_wp_v_m,1
m_n_wp_nt,1
wp_nh_v_ns,1
nh_v_ns_wp,2
v_ns_wp_nt,1
ns_wp_nt_m,1
m_n_wp_ns,1
n_wp_ns_v,1
wp_ns_v_wp,2
ns_v_wp_nh,2
nh_v_v_v,5
v_v_wp_m,5
v_wp_m_n,6
m_n_wp_n,9
n_nt_nt_wp,1
nt_nt_wp_v,7
wp_v_wp_n,8
wp_n_wp_n,12
n_wp_n_wp,12
v_n_wp_a,15
wp_a_n_wp,5
n_wp_v_i,1
wp_v_i_wp,3
v_i_wp_v,3
nt_nt_wp_j,3
nt_wp_j_v,1
nd_wp_nh_u,1
wp_nh_u_n,9
nh_u_n_n,3
u_n_n_v,2
n_n_v_a,2
n_v_a_n,13
wp_n_v_c,11
v_wp_wp_a,21
wp_wp_a_v,8
wp_a_v_d,1
a_v_d_v,2
n_wp_a_d,2
a_d_v_u,1
v_u_wp_a,5
a_d_v_a,1
d_v_a_wp,4
v_a_wp_n,6
a_wp_n_u,6
u_wp_wp_c,5
wp_wp_c_nh,2
wp_c_nh_v,2
n_wp_wp_nh,16
wp_nh_p_n,4
nh_p_n_wp,7
r_wp_r_d,6
wp_r_d_v,22
nh_v_v_r,4
v_v_r_u,2
r_u_wp_r,1
r_d_v_p,3
v_p_v_r,3
p_v_r_wp,9
r_wp_wp_d,1
nh_v_wp_nh,5
v_wp_nh_u,3
nh_u_n_u,8
a_n_v_n,9
wp_d_v_c,10
d_v_c_v,5
n_u_n_v,9
u_n_v_wp,7
n_v_wp_i,3
wp_i_wp_r,2
i_wp_r_n,1
n_v_r_v,6
v_r_v_a,1
r_v_a_n,1
v_a_n_u,3
a_n_u_wp,6
wp_d_v_a,9
d_v_a_n,4
n_wp_c_r,4
wp_c_r_r,4
c_r_r_wp,3
wp_m_n_nd,1
m_n_nd_p,1
n_nd_p_n,2
nd_p_n_wp,1
p_n_wp_c,13
v_n_wp_r,14
wp_r_v_p,6
r_v_p_v,4
n_wp_wp_n,14
wp_a_v_n,3
a_v_n_v,2
n_n_p_ns,2
n_p_ns_wp,6
ns_wp_nt_wp,1
nt_wp_nh_n,7
n_n_u_v,4
n_u_v_wp,9
v_v_u_d,1
v_u_d_p,1
u_d_p_v,1
d_p_v_wp,2
p_v_wp_n,8
u_n_u_d,1
n_u_d_v,6
u_d_v_n,3
wp_r_n_u,7
r_n_u_u,1
n_u_u_wp,3
u_u_wp_wp,3
n_u_n_p,2
u_n_p_r,1
n_p_r_n,7
wp_nh_n_a,1
nh_n_a_c,1
n_a_c_v,2
a_c_v_r,2
u_n_wp_wp,8
d_v_r_n,9
c_v_a_k,2
v_a_k_a,1
a_k_a_u,1
k_a_u_wp,1
a_u_wp_wp,15
d_a_wp_d,6
wp_n_p_a,2
n_p_a_n,6
p_a_n_wp,10
a_n_wp_wp,5
n_wp_wp_wp,1
nt_wp_j_n,3
j_n_wp_v,1
v_nh_u_a,1
nh_u_a_u,1
a_u_wp_nh,2
nh_p_nh_v,2
p_nh_v_n,6
d_v_p_d,3
v_p_d_v,7
p_d_v_wp,5
wp_nh_nh_a,2
nh_nh_a_n,1
nh_a_n_a,1
a_n_a_wp,3
a_wp_n_k,1
wp_n_k_wp,3
n_k_wp_r,1
k_wp_r_q,1
wp_r_q_d,1
r_q_d_v,1
q_d_v_r,1
wp_u_p_d,1
u_p_d_v,1
p_d_v_r,1
wp_wp_r_d,8
wp_r_d_a,4
r_d_a_wp,1
wp_wp_a_wp,2
r_wp_wp_v,14
wp_wp_v_d,10
n_wp_n_a,6
n_a_v_r,3
r_wp_n_r,2
wp_n_r_wp,1
n_r_wp_d,2
v_d_v_r,8
wp_wp_c_j,1
c_j_wp_c,1
j_wp_c_v,3
u_wp_v_r,3
wp_v_r_p,6
r_p_n_u,1
p_n_u_n,12
u_wp_v_d,12
wp_v_d_u,1
v_d_u_n,1
d_u_n_wp,1
d_v_n_v,6
wp_wp_n_k,2
wp_n_k_n,1
n_k_n_u,1
k_n_u_wp,1
u_wp_v_u,8
wp_v_u_n,12
v_u_n_c,2
u_n_c_d,1
c_d_v_m,1
d_v_m_n,3
v_v_r_c,1
v_r_c_nd,3
r_c_nd_n,1
c_nd_n_v,2
nd_n_v_wp,3
u_wp_v_c,5
wp_v_c_r,1
v_c_r_d,1
c_r_d_v,1
d_r_wp_v,3
wp_v_c_nd,1
v_c_nd_v,4
c_nd_v_wp,7
nd_v_wp_d,2
d_v_c_u,2
v_c_u_wp,4
c_u_wp_wp,2
wp_wp_n_p,9
p_r_wp_nt,1
r_wp_nt_n,3
nt_n_wp_nh,3
nh_wp_nh_c,1
wp_nh_c_n,3
nh_c_n_wp,2
c_n_wp_p,1
n_wp_p_m,2
wp_p_m_v,2
p_m_v_p,1
m_v_p_b,1
v_p_b_n,3
p_b_n_wp,4
b_n_wp_v,2
r_wp_p_n,3
p_n_v_v,9
nh_wp_v_wp,4
r_wp_n_nt,1
wp_n_nt_v,1
n_nt_v_wp,1
nt_v_wp_d,1
v_wp_d_c,1
wp_d_c_a,1
d_c_a_nh,1
c_a_nh_wp,2
a_nh_wp_v,1
nt_wp_n_p,2
wp_n_p_n,13
wp_v_v_d,5
v_v_d_a,2
nh_v_d_a,1
wp_wp_c_d,3
c_d_v_u,5
d_v_wp_d,18
v_wp_v_m,5
wp_v_m_q,5
v_m_q_wp,3
wp_n_n_nh,2
n_n_nh_v,2
d_v_wp_c,19
v_wp_c_n,11
wp_c_n_n,5
c_n_n_v,3
n_v_wp_m,3
wp_m_n_c,1
m_n_c_nd,1
n_c_nd_v,1
v_n_wp_i,3
wp_i_wp_n,5
r_n_c_v,4
n_c_v_n,11
wp_p_n_u,7
v_u_wp_m,1
u_wp_m_v,1
wp_m_v_d,1
m_v_d_v,1
v_d_v_v,9
wp_wp_c_n,5
wp_c_n_nd,2
c_n_nd_wp,1
n_d_b_u,1
d_b_u_n,1
b_u_n_n,1
u_n_n_wp,6
wp_v_r_c,3
r_c_nd_v,2
nd_v_wp_v,1
v_wp_v_q,1
wp_v_q_u,1
v_q_u_wp,1
q_u_wp_v,1
n_v_n_a,3
v_n_a_n,3
n_a_n_wp,4
n_wp_v_q,1
wp_v_q_p,1
v_q_p_v,1
q_p_v_wp,2
v_v_n_a,3
n_a_n_v,3
wp_r_v_nh,1
r_v_nh_n,1
v_nh_n_u,1
nh_n_u_wp,4
u_wp_c_v,22
v_v_p_i,1
v_p_i_wp,1
p_i_wp_nh,1
i_wp_nh_wp,2
wp_nh_wp_wp,1
nh_wp_wp_nh,2
wp_wp_p_n,5
u_n_wp_c,7
n_wp_r_n,6
v_d_v_a,1
d_v_a_u,3
a_u_wp_n,14
wp_n_r_v,6
n_r_v_r,1
r_v_r_wp,5
r_wp_v_n,16
n_v_wp_c,5
v_wp_c_r,3
c_r_v_u,2
u_wp_wp_d,8
v_n_wp_nd,2
wp_nd_wp_ns,2
nd_wp_ns_v,1
wp_ns_v_n,1
ns_v_n_wp,1
v_wp_wp_nt,13
wp_wp_nt_n,6
wp_nt_n_n,1
nt_n_n_wp,1
v_d_d_v,4
wp_n_wp_j,1
n_wp_j_wp,2
wp_j_wp_n,1
j_wp_n_wp,1
wp_n_wp_ns,1
n_wp_ns_wp,1
wp_ns_wp_n,1
ns_wp_n_u,1
u_v_wp_d,2
d_v_c_d,2
v_c_d_a,1
c_d_a_wp,2
a_wp_n_v,14
n_v_u_v,4
v_u_v_u,5
wp_wp_d_d,4
u_wp_a_u,2
wp_a_u_wp,4
wp_wp_d_r,1
wp_d_r_i,1
d_r_i_wp,1
r_i_wp_a,1
i_wp_a_r,1
wp_a_r_n,1
a_r_n_d,1
r_n_d_wp,1
n_d_wp_v,1
d_wp_v_r,2
r_n_wp_nt,3
n_wp_nt_v,1
nt_v_r_a,1
v_r_a_wp,5
r_a_wp_d,1
a_wp_d_r,1
wp_d_r_n,4
d_r_n_wp,5
v_v_c_v,9
v_v_nh_p,2
v_nh_p_ns,1
nh_p_ns_wp,1
p_ns_wp_i,1
ns_wp_i_k,1
wp_i_k_d,1
i_k_d_v,1
k_d_v_u,1
u_wp_wp_wp,2
wp_wp_wp_nt,1
d_v_n_nh,3
v_n_nh_v,4
n_nh_v_wp,10
v_wp_nh_nh,9
nh_nh_v_v,6
nh_v_v_n,3
n_v_v_c,2
v_c_v_nh,2
c_v_nh_c,1
v_nh_c_p,1
nh_c_p_wp,1
c_p_wp_v,1
p_wp_v_wp,1
p_n_wp_d,10
d_v_p_nd,2
v_p_nd_v,3
p_nd_v_wp,2
nd_v_wp_c,1
c_d_v_r,4
p_n_v_u,3
wp_wp_v_ns,1
wp_v_ns_n,1
v_ns_n_c,1
ns_n_c_v,2
d_v_r_nd,1
v_r_nd_wp,3
r_nd_wp_n,1
wp_v_c_n,4
v_c_n_d,1
v_u_wp_i,1
i_wp_v_nt,2
wp_v_nt_v,2
v_nt_v_p,1
nt_v_p_a,1
p_a_wp_n,3
u_n_v_u,1
wp_p_v_k,1
p_v_k_d,1
v_k_d_v,1
k_d_v_wp,1
v_wp_nt_nh,1
wp_nt_nh_wp,1
nt_nh_wp_v,1
c_v_wp_r,3
v_wp_r_n,2
wp_r_n_nh,1
r_n_nh_v,1
wp_wp_r_r,3
wp_r_r_u,1
r_r_u_n,1
r_u_n_d,2
u_n_d_wp,1
n_d_wp_wp,1
d_wp_wp_nh,2
wp_wp_v_p,11
p_n_wp_wp,5
v_wp_wp_b,4
wp_wp_b_v,3
wp_b_v_n,2
b_v_n_u,1
n_u_v_n,5
u_v_n_n,1
v_n_n_c,3
c_v_r_u,2
r_u_wp_wp,4
n_v_n_c,7
r_u_wp_c,1
u_wp_c_r,3
c_r_v_wp,1
r_v_wp_d,2
d_d_v_m,2
v_wp_c_v,21
v_d_d_n,2
d_d_n_v,2
d_n_v_p,1
n_v_p_wp,2
v_p_wp_v,1
v_v_p_a,5
a_wp_c_u,1
wp_c_u_v,1
c_u_v_u,1
n_p_v_n,7
p_v_n_v,3
v_wp_v_nh,3
v_nh_n_p,2
v_nh_nh_v,2
nh_nh_v_p,2
nh_v_p_nh,4
v_p_nh_v,6
r_wp_r_n,2
r_n_a_p,1
n_a_p_n,2
a_p_n_wp,5
d_v_p_m,1
v_p_m_wp,1
p_m_wp_n,1
m_wp_n_m,1
wp_n_m_d,1
n_m_d_v,1
m_d_v_wp,1
v_wp_n_m,6
wp_n_m_n,2
n_m_n_wp,3
wp_v_d_a,3
v_d_a_c,1
d_a_c_v,3
a_c_v_v,1
c_v_v_wp,8
n_v_d_v,12
u_wp_p_ns,2
wp_p_ns_u,2
p_ns_u_a,1
ns_u_a_wp,1
u_a_wp_a,1
a_wp_a_d,2
a_d_v_n,1
n_d_v_p,1
v_p_v_a,2
p_v_a_n,1
d_r_wp_n,1
wp_n_n_r,2
n_n_r_n,1
n_r_n_wp,5
n_a_v_p,2
a_v_p_nh,1
p_nh_wp_c,4
nh_wp_c_v,6
c_v_r_a,3
v_r_a_v,1
r_a_v_u,1
a_v_u_wp,4
n_v_n_p,12
v_wp_v_r,16
wp_v_r_a,2
v_r_a_n,2
r_a_n_u,1
a_n_u_nd,1
u_nd_wp_v,2
nd_wp_v_r,2
wp_j_v_j,1
j_v_j_wp,1
v_j_wp_v,2
j_wp_v_d,1
n_v_nh_p,3
v_nh_p_n,4
p_n_wp_nh,10
wp_n_d_u,1
n_d_u_v,1
d_u_v_u,5
v_r_wp_j,1
r_wp_j_d,1
wp_j_d_v,4
j_d_v_p,1
v_p_nd_nt,1
p_nd_nt_wp,1
nd_nt_wp_c,1
nt_wp_c_j,1
wp_c_j_j,1
c_j_j_j,1
j_j_j_n,1
j_j_n_u,1
j_n_u_m,1
n_u_m_wp,1
u_m_wp_nh,1
m_wp_nh_i,1
wp_nh_i_wp,1
nh_i_wp_d,1
i_wp_d_d,1
c_v_wp_p,3
wp_c_v_m,4
c_v_m_a,1
v_m_a_u,1
m_a_u_wp,2
wp_n_c_p,1
n_c_p_n,2
c_p_n_n,1
p_n_n_p,3
c_v_v_u,5
v_a_k_u,1
a_k_u_wp,1
k_u_wp_nh,1
u_wp_nh_u,1
n_d_v_m,1
d_v_m_wp,1
v_m_wp_p,1
m_wp_p_v,2
v_n_u_a,1
n_u_a_n,2
u_a_n_u,1
n_u_wp_nt,6
nt_v_n_wp,2
wp_c_v_d,2
c_v_d_v,3
wp_v_p_r,7
p_r_wp_d,2
wp_a_v_v,3
wp_n_n_a,2
n_n_a_wp,1
n_a_wp_c,2
a_wp_c_n,2
d_v_wp_r,7
v_wp_r_r,1
wp_r_r_n,1
r_r_n_u,2
wp_wp_d_p,3
wp_d_p_v,4
u_wp_n_d,8
n_d_p_n,5
d_p_n_n,2
n_wp_nh_d,5
nh_d_p_n,2
u_wp_r_a,2
wp_r_a_d,1
r_a_d_v,1
r_n_wp_a,3
wp_a_n_nt,1
a_n_nt_p,1
n_nt_p_v,1
nt_p_v_n,1
wp_d_n_d,1
d_n_d_u,1
n_d_u_wp,2
d_u_wp_v,1
v_p_r_u,1
p_r_u_wp,2
wp_v_wp_p,2
v_wp_p_nh,3
wp_p_nh_v,2
p_nh_v_v,1
v_v_v_v,6
v_v_v_u,6
n_p_v_r,7
wp_wp_a_u,4
wp_a_u_p,2
a_u_p_n,1
u_p_n_a,1
p_n_a_wp,3
a_u_p_v,1
u_p_v_a,1
p_v_a_wp,3
n_wp_d_a,2
n_wp_v_m,5
v_m_n_k,1
m_n_k_wp,1
n_k_wp_a,2
k_wp_a_p,1
wp_a_p_r,2
a_p_r_v,1
p_r_v_wp,8
wp_m_n_p,2
m_n_p_v,3
p_v_r_v,3
r_v_wp_a,1
v_wp_a_n,6
wp_a_n_c,2
a_n_c_v,4
n_c_v_u,5
nh_v_n_p,3
v_n_p_ns,2
p_ns_wp_v,3
ns_wp_v_n,4
v_n_k_n,1
n_k_n_wp,1
k_n_wp_nt,1
n_wp_nt_r,1
nt_r_v_r,1
r_wp_v_m,2
wp_v_m_u,1
v_m_u_wp,1
m_u_wp_d,1
d_d_d_n,1
d_d_n_a,1
d_n_a_wp,1
wp_a_d_n,1
a_d_n_a,1
d_n_a_u,1
n_a_u_wp,10
d_a_wp_r,1
a_wp_r_n,3
wp_r_n_d,2
r_n_d_v,1
wp_wp_wp_j,1
wp_wp_j_j,1
wp_j_j_v,2
j_j_v_n,2
c_p_n_v,3
p_n_v_r,5
r_wp_v_u,2
wp_d_a_c,1
c_v_wp_nt,3
wp_nt_wp_i,2
wp_i_wp_c,2
i_wp_c_n,1
c_n_n_wp,1
p_nh_wp_d,2
nh_wp_d_m,1
wp_d_m_wp,1
d_m_wp_v,1
m_wp_v_wp,1
wp_wp_j_v,4
wp_j_v_v,1
j_v_v_p,1
n_wp_nh_m,1
wp_nh_m_q,2
nh_m_q_wp,1
m_q_wp_d,2
q_wp_d_nt,1
wp_d_nt_d,1
d_nt_d_v,1
nt_d_v_wp,4
v_wp_r_c,2
wp_r_c_p,1
r_c_p_r,1
c_p_r_wp,2
c_n_nd_d,1
n_nd_d_d,1
nd_d_d_a,1
d_a_wp_wp,6
a_wp_wp_v,4
n_p_n_v,12
n_wp_n_c,3
wp_n_c_v,5
p_n_v_nh,3
n_v_nh_wp,9
v_nh_wp_p,1
nh_wp_p_v,1
wp_p_v_v,4
wp_wp_j_a,1
wp_j_a_j,1
j_a_j_c,1
a_j_c_a,1
j_c_a_nh,1
a_nh_wp_nh,1
wp_p_n_r,2
p_n_r_n,1
v_r_v_u,6
n_n_u_d,3
u_wp_c_nt,1
c_nt_n_p,1
nt_n_p_n,1
n_wp_nt_c,1
wp_nt_c_v,2
nt_c_v_r,2
v_v_c_d,2
v_c_d_v,4
n_n_wp_r,5
n_wp_r_r,1
wp_r_r_p,2
r_r_p_n,1
n_wp_c_j,1
wp_c_j_n,2
c_j_n_m,1
j_n_m_v,1
m_v_wp_n,4
u_wp_v_m,2
wp_v_m_v,1
v_m_v_wp,2
u_wp_p_a,1
wp_p_a_v,2
p_a_v_n,1
a_v_n_wp,5
n_wp_d_n,4
wp_d_n_v,6
d_n_v_r,1
r_wp_wp_nh,7
v_nh_wp_nh,9
nh_wp_nh_u,3
wp_v_wp_nd,1
wp_nh_n_c,2
nh_n_c_n,1
n_c_n_a,1
c_n_a_n,2
a_n_v_p,3
c_v_v_nh,2
v_v_n_v,11
v_wp_m_r,5
wp_m_r_wp,4
m_r_wp_n,1
r_wp_n_c,2
c_v_u_nh,2
v_u_nh_wp,1
u_nh_wp_v,2
v_r_n_v,9
r_n_v_wp,8
wp_r_v_wp,4
r_v_wp_r,1
r_wp_wp_c,3
wp_c_nh_ns,1
c_nh_ns_n,1
nh_ns_n_wp,1
ns_n_wp_i,1
wp_i_wp_nh,4
nh_n_nh_v,2
r_wp_p_v,5
v_wp_n_k,1
wp_n_k_u,1
n_k_u_n,1
k_u_n_v,1
u_n_v_n,2
v_p_nh_nh,3
p_nh_nh_wp,4
p_r_wp_v,3
v_n_c_n,2
n_c_n_nh,1
c_n_nh_wp,1
v_m_n_p,2
m_n_p_r,1
wp_n_wp_i,1
i_wp_n_nt,1
n_n_a_n,1
nh_n_v_u,4
u_wp_d_a,1
r_v_wp_n,6
r_wp_v_nh,3
wp_v_nh_wp,6
v_nh_wp_n,5
nh_wp_n_c,2
wp_n_c_n,7
n_c_n_n,2
n_n_v_p,3
r_wp_nh_p,2
v_p_n_i,1
p_n_i_wp,2
i_wp_n_d,1
j_v_n_c,1
v_c_v_b,1
c_v_b_n,2
v_b_n_d,1
b_n_d_v,2
d_v_wp_b,1
wp_b_n_d,1
wp_wp_b_u,1
b_u_wp_n,1
v_c_v_v,3
c_v_v_r,2
wp_v_u_v,7
v_u_wp_u,1
u_wp_u_v,1
u_v_d_d,1
u_wp_d_p,5
wp_d_p_u,1
d_p_u_v,1
p_u_v_v,1
u_v_v_n,2
wp_nt_n_p,2
nt_n_p_a,1
n_p_a_a,1
p_a_a_c,1
a_a_c_d,1
a_c_d_v,1
a_u_wp_c,4
wp_wp_j_n,1
wp_j_n_c,1
j_n_c_v,1
v_v_u_n,8
v_u_n_u,5
u_wp_j_c,1
wp_j_c_a,1
j_c_a_wp,1
c_a_wp_j,1
a_wp_j_v,2
wp_j_v_r,2
j_v_r_wp,2
v_m_n_u,4
m_n_u_wp,3
n_nh_wp_a,2
nh_wp_a_wp,1
wp_a_wp_j,2
a_wp_j_u,1
wp_j_u_n,4
j_u_n_wp,2
u_n_wp_i,4
i_wp_n_u,1
wp_n_a_wp,5
a_wp_p_ns,1
wp_p_ns_wp,1
p_ns_wp_nd,1
ns_wp_nd_wp,1
nd_wp_ns_n,1
wp_ns_n_c,1
n_c_v_p,3
c_v_p_p,1
v_p_p_nh,1
p_p_nh_u,1
p_nh_u_n,2
n_u_n_k,1
u_n_k_wp,1
k_wp_v_wp,1
c_n_v_wp,4
v_r_n_r,1
r_n_r_wp,1
n_r_wp_p,1
nh_v_v_p,5
v_v_p_r,4
v_p_r_v,6
n_u_n_a,2
u_n_a_u,1
n_wp_wp_c,3
wp_wp_c_r,1
nh_v_wp_r,2
v_wp_r_p,4
wp_r_p_r,2
r_p_r_n,2
r_n_wp_r,2
c_v_r_c,2
v_r_c_v,5
r_c_v_wp,2
v_wp_d_r,2
wp_d_r_v,3
d_r_v_u,3
wp_nh_n_ns,1
nh_n_ns_c,1
n_ns_c_v,1
ns_c_v_wp,2
wp_v_p_m,2
v_p_m_q,3
m_q_wp_nt,2
q_wp_nt_v,1
wp_nt_v_p,1
nt_v_p_n,2
p_n_wp_b,2
n_wp_b_n,3
wp_b_n_nh,2
b_n_nh_wp,1
n_nh_wp_b,1
nh_wp_b_n,1
b_n_n_c,1
c_v_p_n,4
n_c_n_wp,5
c_n_wp_v,6
n_d_v_u,8
nt_wp_v_p,4
nh_nh_wp_d,1
nh_wp_d_a,1
wp_d_a_p,3
d_a_p_nl,1
a_p_nl_wp,1
p_nl_wp_a,1
nl_wp_a_n,1
a_v_n_m,1
v_n_m_n,1
m_n_wp_m,1
wp_m_q_p,1
m_q_p_n,2
q_p_n_n,1
n_wp_n_m,5
v_v_c_r,1
v_c_r_wp,2
c_r_wp_c,1
v_n_u_nd,2
u_nd_wp_c,1
nd_wp_c_v,1
d_a_p_v,2
a_p_v_nh,1
p_v_nh_wp,1
v_nh_wp_c,5
nh_wp_c_a,2
wp_c_a_v,1
c_a_v_n,1
d_v_d_u,2
v_d_u_wp,2
d_u_wp_wp,4
v_r_wp_m,4
r_wp_m_m,1
wp_m_m_v,1
m_m_v_wp,1
v_wp_d_i,1
wp_d_i_wp,1
d_i_wp_n,1
wp_d_v_nl,1
d_v_nl_u,1
v_nl_u_n,2
nl_u_n_wp,2
u_n_wp_r,1
r_v_v_wp,9
wp_c_v_nl,1
c_v_nl_u,1
u_wp_nh_a,2
wp_nh_a_c,1
nh_a_c_a,1
a_c_a_wp,2
c_a_wp_d,2
a_wp_v_u,1
v_v_v_r,4
wp_nh_p_wp,5
nh_p_wp_n,1
p_wp_n_v,2
v_p_ns_n,2
p_ns_n_wp,2
ns_n_wp_v,2
r_p_nh_wp,1
p_n_n_nh,1
n_nh_v_r,2
nh_v_r_c,1
nd_v_wp_nh,1
v_wp_nh_n,3
nh_n_c_v,2
d_v_u_v,3
u_wp_n_p,4
u_wp_b_v,1
wp_b_v_r,1
b_v_r_n,1
nh_v_c_u,1
c_u_wp_v,1
wp_c_v_p,3
v_v_v_nh,1
n_wp_d_p,3
wp_d_p_r,3
d_p_r_wp,2
wp_nh_v_a,7
nh_v_a_v,2
v_a_v_n,1
r_n_v_a,2
wp_nt_wp_c,3
nt_wp_c_a,2
wp_c_a_a,2
c_a_a_wp,2
a_a_wp_nt,1
a_n_wp_d,2
c_v_nh_p,1
p_v_wp_i,1
i_wp_nh_d,1
n_v_n_i,1
v_n_i_u,1
n_i_u_wp,1
wp_v_p_j,2
v_p_j_u,1
p_j_u_m,1
j_u_m_q,1
u_m_q_wp,1
m_q_wp_m,1
q_wp_m_q,1
wp_m_q_wp,2
q_wp_v_p,1
v_p_m_v,1
p_m_v_wp,1
m_v_wp_c,2
v_r_p_v,5
r_p_v_wp,4
p_v_wp_d,4
r_wp_nt_m,1
u_wp_n_nt,1
wp_v_v_b,1
v_v_b_j,1
v_b_j_j,1
b_j_j_v,1
j_v_n_p,2
v_n_p_nh,4
n_p_nh_wp,6
wp_nt_n_v,7
nt_n_v_wp,5
n_v_wp_nt,3
v_wp_nt_d,3
nt_d_v_u,1
v_u_v_wp,4
u_v_wp_p,1
wp_nh_nh_n,3
nh_nh_n_v,2
n_v_u_n,5
v_u_n_v,4
wp_v_p_p,1
v_p_p_r,1
p_p_r_wp,2
r_wp_v_nd,1
wp_v_nd_v,2
nd_v_wp_m,1
m_r_wp_c,2
n_wp_r_q,1
wp_r_q_v,1
r_q_v_n,1
q_v_n_wp,2
v_r_wp_i,3
r_wp_i_wp,3
wp_i_wp_nt,1
i_wp_nt_nt,1
v_v_v_k,1
v_v_k_v,1
v_k_v_v,1
k_v_v_wp,2
v_v_wp_p,11
v_wp_p_j,1
wp_p_j_j,1
p_j_j_j,1
j_j_j_v,1
j_j_v_wp,2
j_v_wp_nt,1
n_v_wp_nh,12
wp_nh_nh_nh,3
nh_nh_nh_n,1
nh_nh_n_u,1
nh_n_v_wp,8
wp_j_wp_v,2
j_wp_v_v,1
nh_wp_n_j,1
wp_n_j_wp,2
n_j_wp_n,1
j_wp_n_n,3
wp_v_v_ns,2
v_v_ns_wp,1
ns_wp_v_p,1
wp_n_p_v,9
d_v_n_n,5
wp_n_nt_d,1
n_nt_d_a,2
nt_d_a_wp,1
a_wp_wp_n,5
v_r_nd_u,1
r_nd_u_wp,1
nd_u_wp_n,1
v_v_v_j,1
v_v_j_u,1
v_j_u_a,2
j_u_a_wp,2
u_a_wp_d,1
u_wp_nh_d,1
nh_p_wp_nz,1
p_wp_nz_wp,1
wp_nz_wp_n,1
nz_wp_n_u,1
wp_v_wp_j,1
v_wp_j_wp,1
wp_j_wp_u,1
j_wp_u_wp,1
wp_u_wp_v,1
wp_nh_d_a,3
nh_d_a_wp,3
c_u_wp_n,1
wp_n_u_q,1
n_u_q_n,1
u_q_n_u,1
q_n_u_wp,1
c_v_u_nt,1
v_u_nt_n,1
u_nt_n_v,1
a_n_wp_r,2
r_v_u_a,1
nh_n_wp_n,5
v_ns_wp_n,1
ns_wp_n_p,1
n_wp_nh_nt,2
wp_nh_nt_v,3
nh_nt_v_p,1
wp_d_p_n,7
d_p_n_v,7
p_n_v_a,3
r_v_p_r,1
wp_p_v_p,6
v_n_u_nh,1
n_u_nh_wp,1
nh_wp_v_c,1
v_c_v_c,1
c_v_c_v,1
nh_v_v_d,2
v_v_d_v,7
v_wp_nh_ns,1
wp_nh_ns_v,1
nh_ns_v_n,1
ns_v_n_v,1
n_wp_n_r,5
wp_n_r_n,4
n_r_n_u,2
p_v_n_q,1
v_n_q_wp,1
n_q_wp_v,2
q_wp_v_c,1
v_m_q_m,1
m_q_m_q,7
q_m_q_nt,7
m_q_nt_wp,10
q_nt_wp_d,1
wp_d_v_j,2
d_v_j_wp,1
v_j_wp_n,2
wp_a_v_wp,11
a_v_wp_v,4
r_wp_c_a,1
wp_c_a_wp,1
c_a_wp_n,2
v_r_v_v,3
r_v_v_v,1
wp_wp_j_p,1
wp_j_p_a,1
j_p_a_wp,1
a_wp_d_j,1
wp_d_j_n,1
d_j_n_u,1
j_n_u_wp,4
wp_v_u_r,2
v_u_r_wp,1
u_r_wp_wp,1
m_n_v_wp,4
v_wp_n_p,4
wp_n_p_b,1
n_p_b_v,1
p_b_v_r,1
b_v_r_d,1
v_r_d_wp,2
r_d_wp_wp,2
u_nd_wp_wp,1
c_n_v_v,3
wp_m_n_n,1
m_n_n_wp,2
u_wp_j_u,1
j_u_n_n,1
n_wp_a_p,2
wp_a_p_a,1
a_p_a_u,1
p_a_u_n,1
a_u_n_n,2
n_wp_a_u,2
n_r_v_u,1
wp_n_u_d,3
n_u_d_d,1
u_d_d_v,1
d_d_v_d,1
a_wp_n_p,2
n_v_c_d,1
c_d_v_v,2
p_n_u_wp,6
n_v_p_p,1
v_p_p_nt,1
p_p_nt_wp,1
p_nt_wp_v,4
u_n_wp_nh,6
nh_n_v_c,1
n_r_v_wp,3
c_v_wp_i,1
v_wp_i_c,1
wp_i_c_d,1
i_c_d_r,1
c_d_r_u,1
d_r_u_wp,1
v_v_r_d,2
r_d_v_n,11
c_v_wp_j,2
v_wp_j_n,1
j_n_v_n,3
nd_n_wp_nh,1
v_n_v_nd,1
v_nh_n_v,1
wp_nh_v_nd,1
v_nd_wp_nh,1
wp_wp_nh_u,2
nh_u_n_m,1
u_n_m_wp,1
n_m_wp_d,1
m_wp_d_v,2
d_v_p_ns,1
p_ns_n_m,1
ns_n_m_p,1
n_m_p_r,1
m_p_r_n,1
p_r_n_n,3
nh_v_wp_a,1
wp_a_p_n,2
a_p_n_u,2
u_nd_wp_nt,1
nd_wp_nt_wp,3
wp_nt_wp_nd,1
nt_wp_nd_n,1
wp_nd_n_p,1
nd_n_p_r,1
n_v_v_k,1
v_v_k_c,1
v_k_c_v,1
k_c_v_v,2
v_n_a_wp,5
n_a_wp_v,5
a_wp_v_d,1
wp_r_p_v,4
p_v_wp_r,2
wp_r_c_v,1
r_c_v_u,1
v_m_q_c,1
m_q_c_v,1
q_c_v_r,1
wp_wp_v_r,11
v_r_wp_a,6
r_wp_a_p,1
a_p_r_wp,1
p_r_wp_nh,1
r_wp_nh_wp,1
nh_nh_wp_j,1
nh_wp_j_u,1
j_u_n_nd,1
u_n_nd_v,1
n_nd_v_p,1
nd_v_p_v,1
wp_v_n_r,4
v_n_r_n,2
n_r_n_v,1
wp_wp_nh_c,4
wp_nh_c_v,4
nh_c_v_wp,3
wp_n_v_m,7
n_v_m_wp,1
v_m_wp_n,2
m_wp_n_d,1
d_v_v_p,2
v_p_r_m,1
p_r_m_wp,2
r_m_wp_nh,1
m_wp_nh_nh,1
wp_nh_nh_m,1
nh_nh_m_wp,1
nh_m_wp_j,1
m_wp_j_n,1
wp_j_n_n,2
j_n_n_n,1
v_n_nh_wp,2
n_nh_wp_c,1
nh_wp_c_n,1
n_wp_r_d,2
d_v_v_c,1
p_r_v_v,2
v_v_p_v,4
v_nh_wp_nd,2
nh_wp_nd_wp,3
nd_wp_nh_d,1
n_p_v_b,1
p_v_b_n,2
n_wp_p_p,2
p_p_r_a,1
p_r_a_n,2
r_a_n_wp,3
n_a_wp_r,1
r_n_v_n,4
wp_r_r_v,2
r_r_v_u,2
wp_r_d_r,2
r_d_r_v,1
d_r_v_wp,2
wp_nt_v_a,1
nt_v_a_wp,1
v_a_wp_i,1
a_wp_i_wp,1
i_wp_v_p,2
n_n_nh_d,1
n_nh_d_v,2
p_n_wp_ns,2
n_wp_ns_n,3
wp_ns_n_n,1
ns_n_n_wp,1
wp_nh_n_d,4
nh_n_d_v,3
nh_nh_v_r,4
v_wp_r_d,5
n_p_n_nt,1
p_n_nt_d,1
nt_d_a_u,1
v_wp_nh_nt,1
nh_nt_v_r,1
nh_v_n_r,2
v_n_r_d,2
n_r_d_v,3
n_v_d_wp,2
v_d_wp_nh,2
d_wp_nh_v,2
nh_v_a_wp,2
a_wp_wp_nh,1
v_wp_p_r,3
p_r_m_u,1
r_m_u_wp,1
m_u_wp_wp,1
v_n_a_p,1
wp_r_v_c,1
r_v_c_d,1
c_d_wp_d,1
wp_v_p_ns,1
ns_wp_v_v,2
v_v_v_a,1
nh_n_v_r,2
wp_nh_nt_wp,2
nh_nt_wp_n,1
nt_wp_n_nt,1
wp_n_nt_wp,1
n_nt_wp_nh,1
wp_n_m_v,3
wp_n_m_m,3
n_m_m_wp,2
m_m_wp_p,1
wp_c_n_r,2
c_n_r_d,1
n_r_d_wp,1
d_wp_wp_p,1
wp_wp_p_nh,1
wp_p_nh_wp,3
p_nh_wp_wp,1
wp_nh_v_u,7
nh_v_u_n,3
v_u_n_n,2
a_wp_v_v,7
a_n_v_v,9
wp_n_u_a,1
u_a_n_wp,1
v_n_p_r,1
p_r_nd_v,1
r_nd_v_wp,1
c_d_v_d,2
r_p_v_v,2
p_v_v_n,5
v_wp_d_a,3
wp_d_a_v,3
d_a_v_r,2
a_v_r_n,4
v_r_n_p,2
r_n_p_j,1
n_p_j_u,1
p_j_u_wp,2
j_u_wp_nh,1
u_wp_nh_c,1
c_n_wp_d,1
d_n_v_wp,3
v_n_d_u,1
r_wp_n_u,1
c_v_v_p,1
v_r_d_d,2
r_d_d_wp,2
d_v_a_v,1
v_a_v_u,2
v_n_p_a,6
n_p_a_wp,3
d_d_v_n,2
nh_r_v_u,2
n_u_wp_k,1
u_wp_k_wp,1
wp_k_wp_d,1
k_wp_d_u,1
wp_d_u_v,3
wp_v_wp_u,1
v_wp_u_n,1
wp_u_n_v,2
r_v_v_d,4
v_v_d_d,2
d_d_wp_c,3
d_wp_c_v,3
c_v_v_v,2
v_v_a_v,2
v_a_v_p,1
a_v_p_r,1
n_u_p_v,1
u_p_v_u,2
p_v_u_wp,7
u_wp_nt_n,2
nt_n_v_r,1
r_wp_d_p,1
d_p_v_a,1
v_a_wp_d,2
a_wp_d_d,2
wp_v_p_nt,2
v_p_nt_wp,6
nt_wp_v_r,2
r_n_p_nh,1
p_nh_wp_p,1
nh_wp_p_nh,1
wp_p_nh_nh,1
nh_nh_wp_v,2
u_wp_nh_r,1
wp_nt_wp_r,1
nt_wp_r_v,1
wp_r_v_a,2
r_v_a_u,2
wp_a_v_a,1
a_v_a_wp,1
u_wp_a_p,1
wp_nt_wp_j,4
j_n_n_v,1
n_n_v_nh,1
v_p_nh_nt,1
p_nh_nt_wp,1
nh_nt_wp_r,1
nt_wp_r_n,1
r_n_c_n,3
n_r_wp_n,1
n_v_r_nd,2
v_r_nd_n,1
r_nd_n_u,1
c_v_r_m,1
v_r_m_n,1
nh_v_u_wp,6
n_wp_c_a,3
wp_c_a_p,4
c_a_p_nd,1
a_p_nd_n,1
p_nd_n_wp,2
nd_n_wp_nd,1
nd_n_v_u,1
n_v_m_r,1
v_m_r_wp,1
n_v_v_j,1
v_v_j_n,1
v_j_n_u,5
u_wp_p_r,2
v_a_n_a,1
a_wp_v_nh,2
wp_v_nh_v,5
v_nh_v_r,3
v_p_a_n,9
v_v_p_j,1
v_p_j_wp,2
p_j_wp_v,1
j_wp_v_r,1
c_n_wp_a,2
n_n_v_c,1
n_wp_c_nt,1
wp_c_nt_nt,1
c_nt_nt_v,1
nt_nt_v_n,1
u_d_v_a,1
v_v_u_u,2
u_u_wp_n,2
n_wp_d_u,1
c_n_wp_n,2
n_wp_v_j,1
wp_v_j_u,2
j_u_a_u,1
d_v_v_nh,1
u_wp_wp_m,1
wp_wp_m_q,1
m_q_wp_n,2
n_p_n_a,2
a_wp_v_n,8
c_v_wp_c,5
c_r_r_n,1
r_n_u_d,1
u_d_v_u,2
d_a_wp_c,3
c_a_p_n,2
a_p_n_v,2
v_v_r_a,1
r_a_wp_n,1
r_nd_wp_v,2
nd_wp_v_p,1
v_p_r_a,3
p_r_a_wp,2
r_a_wp_c,1
a_wp_c_d,1
c_d_p_n,2
d_p_n_d,2
p_n_d_a,1
n_d_a_u,5
c_d_v_p,2
wp_c_v_i,1
c_v_i_wp,1
i_wp_c_c,1
wp_c_c_p,1
c_c_p_n,1
c_p_n_wp,2
d_d_d_a,1
c_n_n_c,1
n_c_v_v,2
c_v_v_c,2
v_c_n_wp,2
c_n_wp_c,2
wp_c_nh_u,1
c_nh_u_n,1
nh_u_n_p,1
u_n_p_wp,1
n_p_wp_c,1
p_wp_c_v,1
v_wp_nh_m,2
nh_m_q_m,1
q_nt_wp_nh,3
nt_wp_nh_nt,1
nh_nt_wp_v,1
nh_wp_c_d,1
d_v_v_a,2
n_wp_nh_c,2
wp_nh_d_wp,3
nh_d_wp_v,2
d_wp_v_n,3
nh_v_a_n,2
wp_n_u_p,2
n_u_p_n,2
u_p_n_n,1
c_n_p_v,1
r_wp_n_p,3
nt_n_p_v,1
wp_nh_p_p,1
nh_p_p_nh,1
p_p_nh_v,1
v_nh_n_c,1
nh_n_c_nh,1
n_c_nh_c,1
c_nh_c_v,1
p_n_n_n,2
a_p_v_v,1
v_wp_p_u,1
wp_p_u_wp,1
p_u_wp_a,1
u_wp_a_n,6
wp_a_n_u,5
a_n_u_v,2
u_v_wp_v,2
c_n_wp_nt,1
nt_n_wp_c,1
v_v_nh_n,1
n_wp_p_d,1
wp_p_d_v,3
p_d_v_d,1
d_v_d_wp,3
v_d_wp_m,1
m_wp_wp_nt,1
wp_wp_nt_nh,2
nh_d_v_p,1
r_n_v_p,3
n_v_p_a,3
v_p_a_u,1
p_a_u_wp,1
v_v_v_c,1
nh_v_n_nh,1
n_nh_wp_v,2
u_v_d_a,1
d_a_wp_v,5
r_a_wp_r,1
a_wp_r_a,1
wp_r_a_c,1
r_a_c_d,1
a_c_d_c,1
c_d_c_v,1
d_c_v_wp,1
r_d_v_k,1
d_v_k_wp,3
k_wp_n_u,2
d_d_v_k,1
n_v_n_k,2
v_n_k_v,2
n_k_v_r,1
k_v_r_n,1
c_v_n_c,1
r_v_d_v,4
wp_v_wp_c,1
n_wp_c_k,1
wp_c_k_a,1
c_k_a_p,1
k_a_p_n,1
v_p_v_u,3
r_n_wp_p,6
wp_p_r_v,5
p_r_v_u,3
m_n_wp_i,1
n_v_c_nd,1
c_nd_v_k,1
nd_v_k_v,1
v_k_v_wp,1
k_v_wp_nt,1
v_wp_nt_n,3
wp_nt_n_d,4
nt_n_d_nd,1
n_d_nd_v,1
d_nd_v_wp,1
nd_v_wp_n,2
wp_nh_nh_u,3
nh_nh_u_nd,2
nh_u_nd_v,1
u_nd_v_n,1
nd_v_n_u,1
u_wp_v_a,2
wp_n_wp_nh,5
nh_wp_n_wp,5
wp_wp_c_nt,1
wp_c_nt_a,1
c_nt_a_wp,1
nt_a_wp_nt,1
a_wp_nt_u,1
nt_u_n_p,1
u_n_p_nh,2
n_p_nh_v,2
nh_n_p_r,3
wp_n_wp_nt,1
nt_wp_nh_p,1
nh_p_n_v,3
v_nt_v_u,2
wp_n_m_nt,3
n_m_nt_m,3
m_nt_m_q,3
nt_m_q_nt,3
n_k_v_v,1
wp_n_wp_p,2
p_m_n_v,1
m_n_v_a,1
v_a_wp_nt,1
b_n_wp_j,1
n_wp_j_v,2
wp_j_v_wp,2
j_v_wp_nh,2
nt_n_wp_d,1
v_wp_p_m,2
p_m_n_wp,2
r_nd_wp_d,1
nd_wp_d_c,1
wp_d_c_n,1
d_c_n_wp,1
c_n_wp_nh,3
n_wp_nh_a,2
wp_nh_a_n,1
nh_a_n_n,1
a_n_n_wp,5
wp_nh_a_a,2
nh_a_a_wp,2
a_a_wp_n,4
v_n_nd_v,3
n_nd_v_r,1
nd_v_r_wp,1
r_wp_a_a,1
wp_a_a_v,1
a_a_v_n,1
a_v_n_u,1
p_v_n_c,2
n_c_nh_v,1
c_nh_v_u,1
r_wp_wp_a,4
wp_wp_a_a,1
wp_a_a_d,1
a_a_d_v,1
a_d_v_wp,1
v_n_m_wp,1
m_wp_n_u,1
r_wp_n_wp,2
wp_n_wp_a,2
d_a_v_wp,2
a_v_wp_n,1
u_v_wp_n,1
v_a_n_n,2
nh_wp_nh_wp,2
nh_wp_v_nh,1
nh_v_r_v,1
v_n_p_nl,2
n_p_nl_wp,2
p_nl_wp_nt,1
nl_wp_nt_nt,1
wp_nt_nt_nt,2
nt_wp_n_wp,1
wp_nh_wp_j,1
nh_wp_j_v,1
r_v_a_wp,1
nh_v_nh_nh,1
wp_m_n_u,1
m_n_u_n,1
m_n_v_u,2
n_k_v_n,1
k_v_n_wp,1
nt_nh_v_j,1
nh_v_j_wp,1
j_wp_n_v,2
a_n_v_u,5
c_v_n_a,1
n_a_wp_d,3
wp_c_n_a,2
c_n_a_nh,1
n_a_nh_v,1
a_nh_v_p,1
nh_v_p_v,3
v_p_v_p,1
n_a_n_b,1
a_n_b_p,1
n_b_p_v,1
b_p_v_p,1
n_wp_p_nh,4
wp_p_nh_p,2
p_nh_p_nd,1
nh_p_nd_wp,1
p_nd_wp_v,1
nh_wp_v_a,1
nt_wp_v_d,1
c_n_d_p,1
v_p_nh_m,1
p_nh_m_v,1
nh_m_v_wp,1
c_v_n_b,1
v_n_b_wp,2
n_b_wp_c,1
b_wp_c_p,1
wp_c_p_m,1
c_p_m_n,1
p_m_n_p,1
n_p_v_p,2
p_v_p_nh,2
n_p_n_j,1
p_n_j_wp,1
n_j_wp_c,2
r_n_u_v,2
v_wp_c_c,2
c_c_v_r,2
d_v_p_nh,4
v_p_nh_u,3
p_nh_u_wp,4
nh_u_wp_d,1
wp_d_p_m,1
d_p_m_q,1
p_m_q_p,2
q_p_n_p,1
p_n_p_wp,1
n_p_wp_d,1
p_wp_d_d,1
wp_d_d_n,1
d_d_n_wp,1
d_n_wp_wp,1
wp_c_n_wp,7
wp_wp_j_d,3
wp_j_d_p,1
j_d_p_nt,1
d_p_nt_nd,1
p_nt_nd_a,1
nt_nd_a_wp,1
nd_a_wp_v,1
wp_n_a_c,1
v_wp_d_u,1
wp_wp_nh_a,1
wp_nh_a_r,1
nh_a_r_wp,1
a_r_wp_wp,1
wp_c_v_j,2
c_v_j_d,1
v_j_d_d,1
j_d_d_wp,1
v_r_a_k,1
r_a_k_n,1
a_k_n_wp,1
k_n_wp_r,1
r_v_u_v,1
r_wp_n_m,2
wp_n_m_a,1
n_m_a_u,1
u_wp_nh_p,2
nh_p_n_u,1
u_n_v_r,1
c_v_m_n,1
u_wp_c_nh,1
c_nh_v_v,1
nh_v_v_u,4
nt_wp_nh_c,1
wp_nh_c_d,1
nh_c_d_a,1
d_a_wp_a,1
a_wp_a_m,1
wp_a_m_q,1
a_m_q_m,1
q_nt_wp_nd,1
nt_wp_nd_v,1
wp_nd_v_p,1
nd_v_p_a,2
wp_p_v_d,1
p_v_d_a,1
d_a_wp_p,1
a_wp_p_v,1
v_v_r_v,3
v_wp_wp_i,3
wp_wp_i_u,1
wp_i_u_n,1
i_u_n_wp,1
r_n_v_u,3
r_d_a_c,1
v_n_u_u,2
u_u_wp_p,1
u_wp_p_nh,1
a_n_u_p,1
n_u_p_j,1
u_p_j_u,1
j_u_wp_v,1
d_v_r_j,1
v_r_j_wp,1
r_j_wp_n,1
nh_wp_v_d,1
v_d_v_c,3
v_wp_n_r,4
wp_n_r_nt,1
n_r_nt_wp,1
r_nt_wp_nh,1
p_v_wp_nh,2
v_u_nh_v,1
u_nh_v_wp,1
u_wp_n_k,1
k_wp_v_c,2
n_r_v_nh,2
r_v_nh_p,1
v_nh_p_nh,2
nh_p_nh_nh,1
nh_nh_wp_nd,2
d_v_n_r,2
d_v_n_c,5
wp_wp_v_nh,3
v_nh_n_k,1
nh_n_k_wp,1
k_wp_a_c,1
wp_n_n_d,3
r_v_r_v,4
u_wp_c_a,2
wp_c_a_c,2
c_a_c_v,2
wp_wp_n_r,2
v_r_p_r,1
r_p_r_u,1
n_wp_r_wp,2
wp_r_wp_p,1
wp_v_wp_d,3
r_d_v_nh,1
wp_wp_r_a,4
wp_r_a_p,2
r_a_p_nh,1
a_p_nh_u,1
nh_u_wp_c,3
c_r_v_k,1
r_v_k_wp,1
wp_d_v_nh,4
wp_wp_r_u,2
wp_r_u_n,2
r_u_n_wp,1
nh_d_wp_d,1
v_v_p_b,2
b_n_wp_nt,1
n_wp_nt_i,1
nt_i_wp_v,1
v_n_n_m,1
n_n_m_q,1
n_m_q_v,1
m_q_v_n,1
wp_n_r_p,1
n_r_p_n,1
wp_v_wp_i,1
r_wp_a_n,3
r_u_v_n,1
u_v_n_wp,6
v_n_wp_u,1
n_wp_u_d,1
wp_u_d_v,1
d_v_n_k,1
k_wp_v_v,2
v_v_nh_nh,1
nh_nh_wp_wp,1
nh_wp_wp_v,2
wp_v_r_nh,1
v_r_nh_n,1
r_nh_n_wp,1
nh_n_wp_v,4
n_d_v_a,1
nh_nh_v_c,1
r_wp_p_b,1
wp_p_b_n,1
p_b_n_v,1
b_n_v_n,1
wp_a_v_c,1
a_v_c_nd,1
v_c_nd_r,1
c_nd_r_wp,1
nd_r_wp_v,1
wp_n_p_nh,2
nh_n_wp_m,1
wp_m_v_a,1
m_v_a_u,1
n_n_r_c,1
n_r_c_v,1
r_c_v_a,1
c_v_a_p,1
n_wp_r_p,2
r_p_v_j,1
p_v_j_wp,1
v_j_wp_j,1
j_wp_j_u,1
nh_nh_v_n,3
p_ns_wp_n,1
ns_wp_n_v,1
r_a_p_v,1
a_p_v_u,1
p_v_u_n,2
nh_nh_u_v,2
nh_u_v_v,1
u_v_v_p,1
n_wp_b_v,1
b_v_n_v,1
v_p_n_a,1
p_n_a_a,1
n_a_a_wp,1
wp_a_wp_nh,1
a_wp_nh_n,1
wp_nh_n_u,2
v_n_v_m,1
n_v_m_n,6
m_n_wp_c,1
u_wp_p_j,1
wp_p_j_nd,1
p_j_nd_v,1
j_nd_v_n,1
wp_v_n_a,5
v_n_a_v,4
u_wp_nt_p,1
wp_nt_p_n,1
nt_p_n_r,1
p_n_r_wp,2
n_r_wp_v,3
wp_n_u_u,1
n_u_u_a,1
u_u_a_u,1
v_a_n_d,1
r_wp_wp_nd,1
wp_nd_n_r,1
nd_n_r_v,1
n_r_v_n,1
u_wp_wp_b,2
wp_b_v_wp,1
b_v_wp_wp,1
a_wp_c_p,1
c_p_v_v,2
n_wp_wp_p,5
v_wp_d_wp,1
wp_d_wp_n,1
d_wp_n_v,3
v_wp_wp_u,1
wp_wp_u_a,1
wp_u_a_n,1
u_a_n_k,1
a_n_k_wp,3
n_k_wp_nd,1
k_wp_nd_v,1
wp_nd_v_q,1
nd_v_q_wp,1
v_q_wp_nd,1
q_wp_nd_v,1
v_u_d_d,1
u_d_d_wp,1
d_d_wp_nh,1
d_wp_nh_u,1
d_n_v_v,2
nh_v_nh_u,1
c_v_r_d,1
wp_r_n_c,1
wp_r_a_n,2
r_a_n_v,1
nh_wp_nh_d,1
n_n_v_u,1
wp_d_v_i,2
d_v_i_wp,2
v_p_nh_p,1
p_nh_p_v,1
nt_wp_v_nd,1
wp_v_nd_n,2
v_nd_n_n,2
nd_n_n_v,1
n_p_v_u,1
c_d_v_i,1
v_i_wp_d,1
v_p_d_p,1
p_d_p_n,1
d_p_n_u,3
v_nh_v_u,1
wp_c_p_d,1
c_p_d_v,1
p_d_v_u,2
c_v_v_nd,1
v_v_nd_wp,1
v_nd_wp_n,1
nd_wp_n_u,1
c_n_d_d,1
u_wp_c_i,1
wp_c_i_wp,1
c_i_wp_v,1
v_nh_u_n,2
wp_p_r_r,1
p_r_r_n,1
r_r_n_wp,2
n_v_v_q,1
v_v_q_n,1
v_q_n_wp,1
q_n_wp_nh,1
nh_wp_n_a,1
wp_n_a_u,5
n_a_u_c,1
a_u_c_v,1
u_c_v_wp,1
nh_v_n_d,2
p_nh_nh_u,1
nh_u_nd_wp,2
n_n_wp_nt,1
nt_wp_d_nh,1
wp_d_nh_nh,1
d_nh_nh_v,1
n_v_p_ns,2
p_ns_wp_nh,1
ns_wp_nh_nt,1
nh_nt_v_wp,1
nt_v_wp_c,1
c_v_v_m,1
v_v_m_wp,1
m_wp_n_v,2
nh_v_a_a,1
v_a_a_a,1
a_a_a_u,1
a_a_u_wp,1
n_u_d_p,2
u_d_p_r,1
d_p_r_m,1
r_m_wp_p,1
m_wp_p_j,1
wp_p_j_u,1
p_j_u_a,1
u_a_wp_v,2
a_wp_v_a,2
wp_v_a_u,2
v_a_u_m,1
a_u_m_wp,1
u_m_wp_v,1
m_wp_v_v,1
wp_wp_r_p,1
wp_r_p_p,1
r_p_p_n,1
p_p_n_u,2
wp_nd_wp_j,1
nd_wp_j_n,1
j_n_v_d,1
v_d_v_p,2
wp_p_r_d,1
p_r_d_v,2
u_wp_nt_nt,1
v_wp_nh_nd,1
wp_nh_nd_wp,2
nh_nd_wp_v,1
wp_v_d_wp,1
wp_n_m_q,6
n_m_q_m,6
q_nt_wp_v,1
a_wp_nh_nh,1
nt_wp_n_nd,1
wp_n_nd_wp,1
nd_wp_n_n,3
nh_v_nh_v,2
v_wp_d_p,2
p_n_u_d,2
n_u_d_n,1
u_d_n_wp,1
d_n_wp_v,2
v_n_v_d,1
u_n_wp_a,1
p_a_wp_v,2
wp_nt_v_q,1
nt_v_q_wp,1
v_q_wp_nt,1
q_wp_nt_n,1
nt_n_v_n,2
p_n_v_p,2
r_v_u_n,2
u_n_n_p,1
n_p_n_u,5
c_n_v_r,2
n_wp_c_d,3
v_c_d_d,1
c_d_d_wp,1
d_wp_v_c,1
n_wp_d_c,1
wp_d_c_v,2
d_c_v_r,2
u_wp_r_r,1
r_r_p_v,1
r_p_v_n,3
p_v_n_n,1
d_n_v_n,1
v_v_n_d,3
u_n_v_p,2
n_wp_c_i,1
wp_c_i_u,1
c_i_u_wp,1
i_u_wp_b,1
u_wp_b_c,1
wp_b_c_v,1
b_c_v_n,1
wp_n_nd_r,1
n_nd_r_wp,1
nd_r_wp_nt,1
r_wp_nt_wp,3
wp_n_c_k,1
n_c_k_p,1
c_k_p_nh,1
k_p_nh_v,1
wp_c_v_b,1
b_n_wp_c,2
c_r_v_r,1
c_v_j_p,1
v_j_p_v,1
j_p_v_n,1
r_d_a_u,2
wp_wp_c_wp,1
wp_c_wp_r,1
c_wp_r_v,1
a_wp_n_j,1
wp_n_j_v,3
n_j_v_n,1
wp_n_n_c,1
u_wp_a_v,1
n_n_wp_p,2
wp_wp_i_v,1
wp_i_v_n,1
i_v_n_v,1
wp_nt_v_v,1
wp_n_m_wp,1
n_m_wp_p,1
m_wp_p_p,1
wp_p_p_v,1
p_p_v_n,1
r_v_p_nd,1
p_nd_wp_j,1
nd_wp_j_wp,1
wp_j_wp_a,1
j_wp_a_wp,1
wp_n_p_nd,1
n_p_nd_wp,1
p_nd_wp_n,1
a_wp_d_p,1
nh_v_p_a,2
v_u_v_v,2
wp_c_d_u,1
c_d_u_v,1
p_r_n_v,4
n_wp_a_c,2
wp_a_c_a,1
p_nd_wp_a,1
nd_wp_a_n,1
wp_a_n_p,5
a_n_p_n,4
r_u_wp_a,1
a_n_p_r,1
v_wp_m_v,1
wp_m_v_c,1
m_v_c_wp,1
v_c_wp_wp,1
c_wp_wp_p,1
a_n_p_a,1
p_nh_u_nd,1
nh_u_nd_n,1
u_nd_n_wp,1
v_wp_n_j,1
n_j_v_wp,2
j_v_wp_v,1
wp_nh_u_a,1
nh_u_a_n,1
u_a_n_v,1
nh_v_n_c,2
v_n_c_d,5
n_c_d_wp,2
c_d_wp_a,1
d_wp_a_n,1
wp_v_nh_p,2
p_n_wp_a,1
wp_v_a_wp,3
wp_nh_c_wp,1
nh_c_wp_d,1
c_wp_d_v,1
d_v_r_a,2
r_a_wp_wp,2
r_c_v_r,3
a_wp_p_d,1
wp_p_d_r,1
p_d_r_wp,1
r_wp_d_c,1
a_n_v_a,2
v_a_wp_c,2
a_wp_c_v,4
c_v_m_wp,1
v_m_wp_d,1
d_v_nh_n,2
nh_n_wp_wp,1
nh_v_n_a,1
a_wp_v_wp,2
wp_n_d_r,3
n_d_r_v,1
v_wp_p_d,1
nh_v_c_n,1
v_n_p_nd,1
n_p_nd_a,1
p_nd_a_u,1
nd_a_u_wp,1
p_r_v_n,1
q_nt_wp_ns,1
nt_wp_ns_wp,1
wp_ns_wp_nh,1
ns_wp_nh_v,1
wp_nh_v_nt,2
nh_v_nt_wp,2
v_nt_wp_n,4
u_n_p_n,2
p_j_wp_j,1
j_wp_j_p,1
wp_j_p_n,1
j_p_n_n,1
n_wp_v_nl,1
wp_v_nl_wp,1
v_nl_wp_n,1
nl_wp_n_v,1
wp_nh_v_b,1
nh_v_b_n,1
v_b_n_p,1
b_n_p_v,1
wp_n_p_nz,1
n_p_nz_n,1
p_nz_n_wp,1
nz_n_wp_v,1
wp_v_r_i,1
v_r_i_wp,1
r_i_wp_p,1
n_wp_d_r,3
d_r_n_q,1
r_n_q_wp,1
q_wp_v_u,1
wp_v_u_u,2
u_v_wp_nh,1
nh_n_wp_b,1
wp_b_n_u,1
b_n_u_v,1
wp_d_v_m,1
d_v_m_a,1
v_m_a_wp,1
m_a_wp_v,1
a_wp_v_i,1
wp_v_i_p,1
v_i_p_p,1
i_p_p_n,1
p_p_n_wp,1
wp_v_m_p,1
v_m_p_a,1
m_p_a_wp,1
wp_wp_n_j,2
j_v_wp_wp,1
wp_n_r_d,1
b_u_wp_v,1
u_wp_v_i,1
u_wp_n_m,3
n_m_v_r,1
m_v_r_wp,2
nh_n_p_ns,1
p_ns_wp_d,1
ns_wp_d_v,1
r_wp_nt_c,1
v_p_ns_c,1
p_ns_c_v,1
v_v_p_nd,1
v_p_nd_n,1
n_nd_v_nh,1
nd_v_nh_n,1
r_wp_n_k,1
wp_wp_p_d,1
p_d_v_v,2
q_wp_d_a,1
d_a_v_v,1
i_wp_c_p,1
wp_c_p_r,4
v_v_p_nl,1
p_nl_wp_nh,2
nl_wp_nh_v,2
nt_wp_n_a,3
p_n_n_v,1
d_v_j_n,1
j_n_u_v,1
n_u_v_p,1
u_v_p_nh,1
nh_n_d_a,1
r_wp_nh_n,2
n_v_u_i,1
v_u_i_wp,1
u_i_wp_n,1
v_c_n_u,1
c_n_u_wp,1
nh_n_n_r,1
n_n_r_wp,1
r_wp_v_j,2
wp_v_j_n,2
r_n_v_v,1
nh_wp_n_nd,1
wp_n_nd_d,2
n_nd_d_v,2
nd_d_v_r,1
d_v_c_a,4
v_c_a_wp,4
c_a_wp_v,2
r_d_wp_v,1
n_u_v_a,2
u_v_a_wp,1
v_a_wp_r,2
a_wp_r_v,1
v_d_a_v,1
a_v_wp_c,1
wp_d_a_u,1
nh_p_wp_v,1
p_wp_v_u,1
u_v_n_nh,1
v_n_nh_d,1
n_nh_d_wp,1
nh_d_wp_p,1
d_wp_p_a,1
v_wp_n_nd,1
j_d_v_u,2
d_r_wp_r,1
u_wp_wp_r,1
wp_wp_r_wp,3
wp_r_wp_d,1
d_v_wp_m,1
m_r_wp_d,2
wp_n_d_a,5
u_n_v_v,2
wp_wp_nh_r,1
wp_nh_r_r,1
nh_r_r_a,1
r_r_a_u,1
r_a_u_wp,3
wp_v_p_d,3
nh_v_a_u,1
nd_wp_n_nd,1
wp_wp_v_i,1
v_r_wp_ns,1
r_wp_ns_m,1
wp_ns_m_wp,1
ns_m_wp_r,1
m_wp_r_v,1
r_v_wp_i,1
wp_nh_wp_d,2
d_v_c_r,1
v_wp_v_b,1
wp_v_b_wp,2
v_b_wp_wp,1
b_wp_wp_n,1
nd_d_v_wp,2
wp_nh_p_m,1
nh_p_m_n,1
m_n_wp_d,2
n_wp_d_m,1
wp_d_m_n,1
d_m_n_v,1
n_nd_v_n,1
nd_v_n_k,1
v_p_v_m,1
p_v_m_n,1
p_a_n_c,2
i_wp_v_r,1
v_p_v_k,1
p_v_k_wp,1
v_k_wp_v,2
k_wp_v_u,2
n_v_p_nt,1
p_nt_wp_c,1
nt_wp_c_v,1
wp_n_nd_p,1
nd_p_n_c,1
wp_wp_nt_k,1
wp_nt_k_r,1
nt_k_r_p,1
k_r_p_n,1
r_p_n_n,1
n_p_v_c,1
p_v_c_nd,1
wp_d_r_d,1
d_r_d_v,1
wp_p_r_p,1
p_r_p_v,1
r_p_v_u,1
nh_p_wp_nh,1
p_wp_nh_p,1
n_u_nd_d,1
u_nd_d_v,1
r_wp_p_a,1
p_a_v_k,1
a_v_k_wp,1
v_k_wp_r,1
k_wp_r_v,1
v_r_v_d,2
v_v_d_c,1
v_d_c_nd,1
d_c_nd_v,1
nd_v_wp_a,1
a_n_d_p,1
nh_c_v_ns,1
c_v_ns_wp,1
n_wp_c_nd,1
c_nd_v_u,2
nd_v_u_wp,2
d_v_p_wp,1
v_p_wp_c,1
p_wp_c_p,2
c_p_n_p,1
r_wp_c_p,1
wp_n_nh_d,2
v_u_r_d,1
u_r_d_v,1
d_v_i_v,1
v_i_v_wp,1
i_v_wp_wp,1
n_u_wp_q,1
u_wp_q_p,1
wp_q_p_m,1
q_p_m_wp,1
p_m_wp_c,1
m_wp_c_v,1
v_v_nh_u,3
wp_r_d_n,1
r_d_n_v,1
v_d_p_a,1
d_p_a_n,1
wp_a_n_k,3
n_k_wp_j,1
k_wp_j_d,1
wp_j_d_n,1
j_d_n_u,1
d_n_u_wp,1
nh_wp_v_p,2
n_p_v_d,1
p_v_d_v,1
v_n_v_c,3
v_c_v_d,1
wp_c_a_k,1
c_a_k_v,1
a_k_v_r,1
k_v_r_d,1
r_n_v_d,1
wp_v_r_u,1
v_r_u_u,1
r_u_u_wp,1
u_u_wp_r,1
v_nh_p_i,1
nh_p_i_wp,1
p_i_wp_v,1
i_wp_v_a,1
v_a_v_nh,1
a_v_nh_wp,1
p_a_n_n,2
p_n_v_c,1
v_v_n_k,2
v_n_k_c,1
n_k_c_v,1
wp_wp_a_c,2
wp_d_n_u,1
d_n_u_n,1
wp_c_d_n,1
c_d_n_wp,1
a_n_wp_a,4
v_n_c_a,1
n_c_a_n,1
c_a_n_u,1
c_v_v_a,1
r_n_v_m,1
n_v_m_v,1
m_v_wp_wp,1
v_m_q_nd,1
m_q_nd_wp,1
q_nd_wp_v,1
nh_u_wp_wp,2
wp_wp_a_m,1
wp_a_m_nt,2
a_m_nt_m,2
q_nt_wp_n,3
n_k_wp_c,1
k_wp_c_p,1
c_p_r_v,1
n_wp_d_wp,1
wp_d_wp_v,1
p_v_wp_m,1
wp_m_r_p,1
m_r_p_m,1
r_p_m_n,1
p_m_n_c,1
m_n_c_v,1
nt_wp_d_n,2
d_n_p_m,1
p_m_q_n,1
m_q_n_wp,1
q_n_wp_v,1
n_wp_v_nt,1
wp_v_nt_c,1
v_nt_c_nd,1
nt_c_nd_c,1
c_nd_c_nd,1
nd_c_nd_wp,1
c_nd_wp_v,1
nd_wp_v_c,1
r_wp_d_n,1
wp_p_nh_n,1
p_nh_n_c,1
r_wp_nh_d,1
p_a_wp_a,1
v_v_wp_ns,1
v_wp_ns_v,1
u_v_n_k,1
n_k_wp_n,1
k_wp_n_n,1
n_a_v_n,2
a_v_n_n,1
n_d_r_n,1
v_v_wp_j,1
v_wp_j_d,1
d_v_u_a,1
v_u_a_wp,1
v_r_v_c,2
r_v_c_v,2
v_wp_j_c,1
wp_j_c_v,1
j_c_v_wp,1
n_v_a_p,1
v_a_p_a,1
a_p_a_n,1
a_n_n_p,1
n_n_p_nh,1
n_p_nh_r,1
p_nh_r_n,1
nh_r_n_wp,1
n_a_n_p,1
v_wp_r_a,1
wp_r_a_u,2
a_wp_n_a,2
v_wp_nh_wp,2
nh_nh_a_wp,1
n_p_v_i,1
p_v_i_wp,2
v_i_wp_a,1
i_wp_a_n,1
wp_a_n_nh,1
a_n_nh_wp,1
r_wp_d_r,1
r_a_u_v,1
a_u_v_wp,2
v_p_wp_n,1
p_n_v_m,1
m_n_u_a,1
n_u_a_wp,1
u_a_wp_c,1
n_u_wp_ns,1
u_wp_ns_n,1
wp_ns_n_wp,1
nh_wp_nt_nt,1
wp_nt_nt_n,2
nt_nt_n_wp,2
wp_nh_nh_p,1
nh_nh_p_n,1
v_n_d_p,1
d_p_v_i,1
v_i_wp_nh,1
i_wp_nh_nh,1
j_wp_v_p,1
c_v_v_i,1
v_v_i_wp,1
v_i_wp_n,2
i_wp_n_n,1
wp_n_nd_c,1
n_nd_c_v,1
nd_c_v_v,1
r_n_u_n,2
u_n_wp_z,1
n_wp_z_v,1
wp_z_v_u,1
z_v_u_n,1
n_wp_wp_b,1
wp_wp_b_n,3
wp_b_n_v,3
b_n_v_r,1
wp_c_v_nt,1
c_v_nt_wp,1
wp_r_wp_n,1
v_v_c_nz,1
v_c_nz_n,1
c_nz_n_n,1
nz_n_n_u,1
wp_nt_wp_nt,1
nt_wp_nt_d,1
v_r_v_nd,1
r_v_nd_wp,1
v_nd_wp_wp,1
v_n_c_p,1
p_n_wp_j,2
j_v_n_u,2
c_v_wp_m,1
v_wp_v_ns,2
ns_wp_v_r,1
wp_r_wp_nh,1
v_c_a_v,2
c_a_v_wp,2
a_v_wp_a,2
v_n_wp_b,2
wp_b_n_c,1
b_n_c_v,1
wp_nh_m_wp,1
nh_m_wp_v,1
v_p_nl_c,1
p_nl_c_n,1
nl_c_n_wp,1
v_n_wp_ns,1
wp_ns_n_v,3
ns_n_v_r,2
a_v_p_n,1
v_p_ns_r,1
p_ns_r_n,1
ns_r_n_wp,1
r_n_wp_nd,1
nd_wp_n_p,2
wp_n_p_nl,1
n_p_nl_v,1
p_nl_v_r,1
nl_v_r_n,1
u_n_v_a,1
wp_wp_i_wp,1
i_wp_r_p,1
wp_r_p_b,1
r_p_b_n,1
b_n_wp_wp,1
n_wp_wp_r,2
wp_wp_v_b,1
v_b_wp_v,1
b_wp_v_r,1
wp_v_r_r,1
v_r_r_v,1
r_r_v_wp,1
d_v_r_c,1
r_wp_m_n,2
wp_n_v_i,1
n_v_i_wp,1
i_wp_n_p,1
r_v_n_n,1
nh_n_n_nh,1
n_n_nh_wp,1
i_wp_wp_nh,1
nh_n_n_u,2
n_p_p_r,1
v_nh_wp_wp,2
nh_wp_wp_n,1
r_v_wp_nd,1
nd_wp_n_nh,1
n_nh_d_p,1
n_u_n_b,1
u_n_b_v,1
n_b_v_n,1
b_v_n_wp,1
nh_p_wp_c,1
c_p_v_wp,1
nd_n_c_a,1
n_c_a_u,1
c_a_u_wp,1
n_a_v_nd,2
a_v_nd_n,2
v_nd_n_wp,3
wp_i_wp_nd,1
i_wp_nd_wp,1
wp_nd_wp_nd,1
nd_wp_nd_nh,1
wp_nd_nh_n,1
nd_nh_n_n,1
r_wp_c_j,1
c_j_n_v,1
j_n_v_wp,3
v_a_wp_nh,1
nh_wp_n_nh,1
nh_wp_a_n,1
a_n_k_u,1
n_k_u_wp,2
k_u_wp_wp,2
nt_wp_j_j,3
wp_j_j_j,1
j_j_j_wp,1
j_j_wp_nh,1
j_wp_nh_p,1
nh_wp_j_j,1
wp_j_j_n,3
j_j_n_p,1
j_n_p_n,1
n_d_a_n,1
d_a_n_wp,1
n_wp_wp_nz,1
wp_wp_nz_r,1
wp_nz_r_v,1
nz_r_v_r,1
v_r_n_nd,1
r_n_nd_wp,1
n_d_d_d,1
v_c_n_p,1
c_n_p_a,1
v_wp_a_m,1
wp_p_v_nh,1
p_v_nh_u,2
n_a_v_d,2
wp_m_q_n,1
m_q_n_c,1
q_n_c_n,1
c_n_n_p,1
wp_p_nh_i,1
p_nh_i_wp,1
nh_i_wp_v,1
i_wp_v_j,1
wp_v_j_wp,1
v_j_wp_nh,1
j_wp_nh_n,1
n_v_n_nh,1
v_d_v_k,1
d_v_k_p,1
v_k_p_v,1
k_p_v_p,1
p_v_p_nt,1
p_nt_wp_nh,2
wp_wp_nt_u,1
wp_wp_nt_d,1
nt_d_v_nh,1
nh_wp_n_d,1
v_j_u_u,1
j_u_u_v,1
u_u_v_v,2
u_v_v_u,2
c_v_nh_v,1
wp_v_p_wp,1
v_p_wp_d,1
p_wp_d_v,1
wp_nh_v_j,1
nh_v_j_nd,1
v_j_nd_n,1
j_nd_n_a,1
nd_n_a_u,1
u_wp_r_u,1
u_n_d_d,1
n_d_d_a,1
u_d_p_wp,1
wp_a_u_a,1
a_u_a_v,1
u_a_v_n,1
a_v_r_d,1
d_d_wp_n,1
d_wp_n_u,1
n_u_n_n,1
n_n_n_u,1
nt_n_d_a,2
wp_v_ns_u,1
v_ns_u_u,1
ns_u_u_v,1
d_v_n_d,1
v_n_d_wp,1
n_d_wp_p,1
d_wp_p_p,1
wp_p_p_n,2
p_p_n_v,1
n_v_u_d,1
v_d_v_d,2
wp_wp_n_m,3
n_m_m_m,2
m_m_m_nt,2
m_m_nt_nt,2
m_nt_nt_wp,6
nt_nt_wp_b,1
nt_wp_b_c,1
wp_b_c_j,1
b_c_j_wp,1
p_n_u_v,1
n_wp_nt_d,1
v_d_p_p,1
d_p_p_n,1
p_p_n_n,1
v_n_u_d,1
n_u_d_a,1
u_d_a_wp,1
a_wp_v_p,1
v_wp_nt_m,1
nt_m_n_nh,1
m_n_nh_wp,1
n_nh_wp_d,1
v_nh_v_ns,1
m_nt_m_nt,3
nt_m_nt_nt,3
nh_nh_n_wp,1
p_n_u_u,1
n_u_u_v,1
u_u_v_a,1
u_v_a_v,1
u_v_wp_m,1
v_wp_m_wp,1
m_wp_wp_r,1
p_v_n_a,2
v_n_a_u,3
j_v_wp_a,1
m_n_wp_r,1
wp_c_n_c,1
c_n_c_v,1
v_wp_a_a,1
wp_a_a_n,1
a_a_n_v,1
n_wp_j_u,1
wp_j_u_wp,1
j_u_wp_r,1
r_d_r_n,1
d_r_n_u,1
n_v_r_j,1
v_r_j_n,1
r_j_n_wp,1
j_n_wp_n,1
n_wp_n_j,1
n_j_wp_b,1
j_wp_b_n,1
b_n_nh_u,1
n_nh_u_wp,1
nh_u_wp_v,1
u_wp_v_j,1
n_v_a_u,3
a_n_wp_nt,3
a_v_d_wp,1
m_q_m_nt,2
q_m_nt_nt,2
nt_wp_j_d,1
j_d_v_wp,1
wp_nt_nh_p,1
nt_nh_p_n,1
v_v_a_p,1
v_a_p_n,1
d_v_wp_ns,1
v_wp_ns_n,1
ns_n_v_wp,1
n_a_n_a,1
n_a_wp_nt,1
a_wp_nt_v,1
wp_nt_v_wp,1
nt_v_wp_nt,1
v_d_wp_n,2
c_r_v_v,1
p_v_wp_c,1
c_v_n_r,1
v_n_r_wp,2
n_r_wp_r,1
wp_n_nh_u,1
nh_u_n_v,2
v_n_v_nt,1
n_v_nt_v,1
v_nt_v_r,1
wp_b_v_nh,1
b_v_nh_n,1
nh_c_n_v,1
p_v_p_nd,1
p_nd_v_p,1
p_a_wp_r,1
v_wp_c_p,2
b_n_v_u,1
wp_c_p_nh,1
c_p_nh_v,1
p_nh_v_a,1
wp_n_v_j,1
n_v_j_wp,1
j_wp_v_a,1
c_a_p_r,1
v_m_nt_m,1
m_nt_nt_nt,1
wp_n_v_nt,2
n_v_nt_wp,1
n_n_n_n,1
n_d_r_wp,2
wp_b_n_wp,1
b_n_wp_n,1
c_a_wp_wp,1
wp_nt_v_c,1
nt_v_c_nd,1
u_wp_v_nd,1
n_n_v_b,1
v_b_n_n,1
b_n_n_u,1
n_v_nt_nh,1
v_nt_nh_wp,1
nt_nh_wp_p,1
nh_wp_p_r,1
wp_i_wp_p,1
wp_r_n_n,1
wp_a_n_a,1
a_n_a_u,1
n_a_u_n,1
u_n_n_u,1
c_d_a_v,1
nh_v_wp_b,1
b_n_v_wp,1
n_n_p_m,1
m_q_p_v,1
n_wp_v_k,1
wp_v_k_n,1
v_k_n_wp,1
k_n_wp_v,1
v_v_v_p,3
wp_c_r_a,1
c_r_a_n,1
r_a_n_n,1
a_n_n_u,1
u_n_nh_p,1
r_wp_a_v,1
wp_n_r_u,1
n_r_u_d,1
r_u_d_v,1
n_v_p_nd,1
v_p_nd_u,1
p_nd_u_wp,1
nd_u_wp_d,1
d_v_wp_i,1
i_wp_v_c,1
v_c_a_nd,1
c_a_nd_u,1
a_nd_u_wp,1
wp_j_d_a,1
j_d_a_c,1
d_a_c_wp,1
a_c_wp_v,1
c_wp_v_v,1
v_a_wp_p,1
a_wp_p_r,1
r_a_n_c,1
a_n_c_i,1
c_i_wp_n,1
d_a_u_n,1
a_u_n_wp,1
n_v_r_r,1
v_r_r_n,1
n_wp_nh_nd,1
nh_nd_wp_nt,1
v_n_r_nd,1
n_r_nd_nd,1
r_nd_nd_wp,1
nd_nd_wp_d,1
nh_v_p_m,1
q_wp_nh_d,1
n_v_p_m,1
q_wp_nh_nh,1
v_wp_a_nh,2
wp_a_nh_a,1
a_nh_a_wp,1
nh_a_wp_v,1
p_ns_u_n,1
ns_u_n_n,1
n_v_p_d,1
p_d_v_p,1
v_v_p_d,1
d_v_a_d,1
v_a_d_a,1
a_d_a_wp,1
a_wp_n_c,1
nh_n_v_d,1
v_wp_nd_a,1
wp_nd_a_wp,1
nd_a_wp_n,1
wp_n_v_nd,1
n_v_nd_n,2
nd_n_wp_d,1
wp_v_u_p,1
v_u_p_v,3
u_p_v_nh,1
v_nh_u_nd,1
n_v_n_d,1
n_d_a_p,1
d_a_p_n,1
n_c_d_u,2
c_d_u_wp,2
v_u_n_i,1
u_n_i_wp,1
n_i_wp_v,2
c_d_wp_wp,1
d_wp_wp_n,1
n_m_v_u,1
m_v_u_wp,1
n_wp_b_d,1
wp_b_d_v,1
b_d_v_v,1
wp_nd_n_d,1
nd_n_d_r,1
d_r_wp_p,1
wp_p_n_c,1
v_nh_v_v,1
v_p_n_k,1
p_n_k_wp,1
k_wp_v_r,1
v_v_p_nt,1
p_nt_wp_n,1
n_p_a_v,1
p_a_v_r,1
u_n_u_v,1
u_v_a_n,1
v_a_n_k,1
n_k_wp_d,2
d_v_p_nt,1
v_n_nh_u,1
u_n_v_c,1
n_wp_n_b,1
wp_n_b_v,1
n_b_v_a,1
b_v_a_n,1
n_wp_nh_nz,1
wp_nh_nz_v,1
nh_nz_v_v,1
nz_v_v_wp,1
v_wp_p_a,1
p_a_n_p,1
a_n_p_v,1
p_v_wp_a,1
a_nh_d_d,1
nh_d_d_v,1
c_p_r_d,1
u_v_v_r,1
n_nd_wp_a,1
nd_wp_a_nh,1
a_nh_v_j,1
nh_v_j_n,1
j_n_u_n,1
n_u_n_m,1
u_n_m_m,1
m_m_wp_i,1
m_wp_i_p,1
wp_i_p_v,1
i_p_v_v,1
v_m_n_v,2
wp_wp_v_nd,1
v_nd_v_n,1
p_m_v_r,1
v_m_n_n,1
p_a_n_u,1
a_n_u_n,2
a_wp_wp_a,2
nt_wp_c_nd,1
wp_c_nd_n,1
nd_n_v_r,1
r_n_c_d,1
n_c_d_r,1
c_d_r_n,1
u_wp_wp_u,1
wp_wp_u_n,1
u_n_v_nd,1
v_nd_n_c,1
nd_n_c_v,1
c_v_p_nh,1
v_p_nh_n,1
p_nh_n_u,1
nh_n_u_nd,1
u_nd_wp_r,1
nd_wp_r_p,1
wp_r_p_j,1
r_p_j_c,1
p_j_c_v,1
j_c_v_p,1
c_v_p_r,1
v_p_r_nd,1
m_n_p_nt,1
n_p_nt_n,1
p_nt_n_wp,1
nt_n_wp_p,1
n_v_n_b,1
n_b_wp_n,1
b_wp_n_b,1
wp_n_b_p,1
n_b_p_n,1
b_p_n_v,1
wp_n_nh_nh,1
n_nh_nh_wp,1
nh_wp_nd_n,1
nd_n_v_v,1
wp_wp_n_i,1
wp_n_i_wp,1
i_wp_v_u,1
wp_p_v_b,1
b_n_wp_i,2
n_wp_i_k,2
wp_i_k_wp,1
i_k_wp_v,1
k_wp_v_n,1
v_n_k_u,1
n_n_d_d,1
d_d_v_b,1
d_v_b_n,1
wp_i_k_v,1
i_k_v_n,1
k_v_n_d,1
wp_a_u_v,1
wp_r_p_n,1
r_p_n_v,1
a_v_v_p,1
v_wp_wp_nz,1
wp_wp_nz_d,1
wp_nz_d_n,1
nz_d_n_wp,1
n_v_n_j,1
v_n_j_wp,1
wp_n_j_n,1
n_j_n_v,1
wp_wp_a_p,1
a_p_v_r,1
nt_v_n_p,1
u_n_c_n,2
nt_n_d_p,1
n_d_p_nh,1
d_p_nh_u,1
nh_u_wp_nd,1
u_wp_nd_d,1
wp_nd_d_v,2
nd_d_v_v,2
u_n_wp_nd,1
n_wp_nd_d,1
d_v_u_p,1
v_v_ns_n,1
v_ns_n_wp,1
ns_n_wp_n,1
wp_n_r_a,1
n_r_a_u,1
c_n_p_r,1
n_p_r_v,1
nt_nt_wp_d,1
d_n_v_nd,1
n_v_nd_v,1
v_nd_v_v,1
n_nd_wp_nt,1
wp_n_p_ns,1
p_ns_wp_m,1
m_n_d_p,1
n_d_p_wp,1
d_p_wp_n,1
p_wp_n_n,1
v_c_n_j,1
c_n_j_wp,1
n_j_wp_v,2
j_wp_v_wp,2
wp_wp_c_p,1
p_r_wp_r,1
r_d_v_r,1
wp_r_wp_r,1
wp_wp_nt_nt,1
n_wp_j_j,1
j_j_n_v,2
wp_a_p_ns,1
a_p_ns_n,1
ns_n_wp_nh,1
nh_nh_nh_v,2
v_u_n_j,1
u_n_j_wp,1
c_n_v_u,1
n_wp_d_b,1
wp_d_b_n,1
d_b_n_u,1
b_n_u_wp,1
u_wp_nt_nz,1
wp_nt_nz_b,1
nt_nz_b_j,1
nz_b_j_v,1
b_j_v_n,1
wp_d_v_nd,1
d_v_nd_v,1
c_v_a_wp,2
wp_v_n_ns,1
v_n_ns_wp,1
n_ns_wp_v,1
a_wp_v_c,1
wp_v_c_u,1
v_n_n_n,1
n_n_wp_i,1
n_d_v_k,1
wp_c_d_wp,1
d_wp_v_wp,1
d_v_n_a,1
n_a_wp_wp,1
n_nh_wp_nh,1
wp_nh_u_r,1
nh_u_r_v,1
u_r_v_wp,1
r_v_wp_nh,1
wp_nh_u_d,1
nh_u_d_v,1
v_n_r_v,2
r_v_nh_u,1
c_n_n_u,1
u_n_wp_j,1
n_wp_j_r,1
wp_j_r_v,1
j_r_v_u,1
a_n_k_d,1
n_k_d_d,1
k_d_d_v,1
n_r_v_a,1
wp_wp_nd_v,1
nd_v_n_n,1
k_wp_d_p,1
d_p_n_i,1
n_i_wp_p,1
wp_wp_c_u,1
wp_c_u_i,1
c_u_i_wp,1
u_i_wp_v,1
u_u_wp_d,1
wp_r_v_nt,1
r_v_nt_v,1
nt_v_u_p,1
u_p_v_wp,1
d_v_d_d,1
u_wp_c_nd,1
u_wp_nt_r,1
wp_nt_r_m,1
nt_r_m_d,1
r_m_d_v,1
m_d_v_c,1
n_v_m_q,1
v_m_q_u,1
m_q_u_n,1
q_u_n_u,1
r_wp_m_q,1
m_q_d_v,1
q_d_v_b,1
d_v_b_u,1
v_b_u_n,1
b_u_n_u,1
wp_c_n_m,1
c_n_m_q,1
nh_p_nh_u,1
nh_c_v_u,1
r_wp_wp_m,1
n_v_d_a,1
n_d_p_d,1
d_p_d_a,1
p_d_a_wp,1
c_v_m_q,1
q_wp_nt_nt,1
nt_n_wp_n,1
p_nh_p_n,1
wp_v_u_nt,1
v_u_nt_wp,1
u_nt_wp_j,1
n_v_c_a,1
wp_a_v_u,1
v_d_v_j,1
d_v_j_nd,1
v_j_nd_p,1
j_nd_p_v,1
nd_p_v_r,1
v_n_n_nd,1
n_n_nd_wp,1
u_p_n_wp,1
a_c_v_a,1
a_wp_r_p,1
v_wp_c_j,1
c_j_wp_nh,1
j_wp_nh_v,1
