nh_nt_nt_nt,10
nt_nt_nt_wp,14
nt_nt_wp_nh,18
nt_wp_nh_n,9
wp_nh_n_v,41
nh_n_v_v,20
n_v_v_p,25
v_v_p_nh,12
v_p_nh_wp,29
p_nh_wp_c,4
nh_wp_c_v,11
wp_c_v_p,32
c_v_p_nh,6
v_p_nh_nh,2
p_nh_nh_wp,2
nh_nh_wp_nh,4
nh_wp_nh_v,23
wp_nh_v_n,79
nh_v_n_wp,49
v_n_wp_v,303
n_wp_v_n,254
wp_v_n_wp,198
v_n_wp_nh,66
n_wp_nh_n,34
wp_nh_n_a,2
nh_n_a_u,1
n_a_u_wp,24
a_u_wp_v,38
u_wp_v_n,77
wp_v_n_n,76
v_n_n_v,28
n_n_v_p,12
n_v_p_r,8
v_p_r_n,18
p_r_n_wp,35
r_n_wp_v,76
wp_v_n_p,63
v_n_p_nd,5
n_p_nd_wp,5
p_nd_wp_c,5
nd_wp_c_v,6
wp_c_v_wp,54
c_v_wp_d,29
v_wp_d_p,8
wp_d_p_a,2
d_p_a_n,1
p_a_n_wp,25
a_n_wp_n,32
n_wp_n_v,273
wp_n_v_u,58
n_v_u_wp,70
v_u_wp_v,109
n_n_v_v,20
n_v_v_wp,127
v_v_wp_wp,157
v_wp_wp_p,32
wp_wp_p_n,8
wp_p_n_a,12
p_n_a_wp,5
n_a_wp_d,5
a_wp_d_d,5
wp_d_d_p,6
d_d_p_v,7
d_p_v_p,3
p_v_p_r,4
v_p_r_wp,12
p_r_wp_v,18
r_wp_v_v,35
wp_v_v_wp,108
v_wp_wp_v,223
wp_wp_v_n,160
wp_v_n_a,15
v_n_a_v,5
n_a_v_n,9
a_v_n_p,5
v_n_p_v,41
n_p_v_wp,44
p_v_wp_wp,122
v_wp_wp_n,308
wp_wp_n_v,220
wp_n_v_n,225
n_v_n_v,71
v_n_v_wp,161
n_v_wp_v,90
v_wp_v_v,121
v_wp_wp_d,87
wp_wp_d_v,94
wp_d_v_v,108
d_v_v_n,54
v_v_n_v,41
v_n_v_v,55
n_v_v_c,5
v_v_c_n,6
v_c_n_wp,16
c_n_wp_wp,9
n_wp_wp_v,69
wp_v_n_i,4
v_n_i_wp,6
n_i_wp_v,8
i_wp_v_p,8
wp_v_p_nh,10
p_nh_wp_d,3
nh_wp_d_u,1
wp_d_u_n,3
d_u_n_c,1
u_n_c_v,10
n_c_v_wp,66
c_v_wp_c,11
v_wp_c_a,7
wp_c_a_v,8
c_a_v_r,1
a_v_r_wp,13
v_r_wp_v,118
wp_v_v_p,48
v_v_p_n,56
v_p_n_u,16
p_n_u_wp,38
n_u_wp_v,127
wp_v_n_d,38
v_n_d_v,37
n_d_v_v,52
d_v_v_p,7
v_v_p_r,3
p_r_n_u,13
r_n_u_wp,61
n_u_wp_d,41
u_wp_d_a,7
wp_d_a_d,3
d_a_d_v,3
a_d_v_wp,13
d_v_wp_d,47
v_wp_d_v,127
d_v_v_v,19
v_v_v_r,15
v_v_r_n,26
v_r_n_wp,203
r_n_wp_d,27
n_wp_d_d,28
wp_d_d_v,50
d_d_v_v,10
v_v_n_a,4
v_n_a_wp,14
n_a_wp_r,5
a_wp_r_v,9
wp_r_v_p,21
r_v_p_v,12
v_p_v_u,15
p_v_u_wp,36
v_u_wp_d,48
u_wp_d_n,5
wp_d_n_n,4
d_n_n_u,1
n_n_u_wp,36
n_u_wp_wp,105
u_wp_wp_n,108
wp_wp_n_nh,8
wp_n_nh_v,21
n_nh_v_wp,26
nh_v_wp_wp,135
wp_n_v_wp,236
v_wp_v_a,16
wp_v_a_r,3
v_a_r_n,2
a_r_n_wp,6
r_n_wp_p,20
n_wp_p_n,50
wp_p_n_u,23
p_n_u_v,2
n_u_v_r,6
u_v_r_wp,8
v_r_wp_c,52
r_wp_c_v,27
wp_c_v_v,56
c_v_v_n,25
v_v_n_p,18
n_p_v_r,11
p_v_r_wp,29
v_r_wp_n,129
r_wp_n_v,65
n_v_n_c,21
v_n_c_v,77
n_c_v_n,32
c_v_n_wp,86
n_wp_v_d,43
wp_v_d_d,8
v_d_d_a,2
d_d_a_k,1
d_a_k_wp,1
a_k_wp_p,1
k_wp_p_v,1
wp_p_v_wp,104
p_v_wp_c,5
v_wp_c_v,83
wp_c_v_u,22
c_v_u_v,8
v_u_v_d,4
u_v_d_v,5
v_d_v_v,26
v_v_v_wp,59
v_v_wp_d,30
v_wp_d_r,10
wp_d_r_wp,9
d_r_wp_i,1
r_wp_i_wp,7
wp_i_wp_n,24
i_wp_n_u,7
wp_n_u_v,47
n_u_v_u,23
u_v_u_wp,63
v_u_wp_r,44
u_wp_r_v,39
wp_r_v_v,41
r_v_v_n,4
v_v_n_u,56
v_n_u_n,95
n_u_n_wp,184
u_n_wp_wp,12
n_wp_wp_d,19
wp_d_v_r,93
d_v_r_v,26
v_r_v_v,6
r_v_v_u,22
v_v_u_wp,147
u_wp_v_v,58
wp_v_v_v,86
v_v_v_c,5
v_v_c_v,35
v_c_v_wp,62
c_v_wp_m,4
v_wp_m_r,1
wp_m_r_wp,1
m_r_wp_nt,2
r_wp_nt_n,3
wp_nt_n_wp,20
nt_n_wp_v,6
wp_v_n_c,62
wp_d_v_p,40
d_v_p_n,36
v_p_n_wp,184
p_n_wp_v,109
n_wp_v_nt,5
wp_v_nt_u,5
v_nt_u_n,4
nt_u_n_u,7
u_n_u_wp,143
n_u_wp_n,138
u_wp_n_v,116
wp_n_v_nh,25
n_v_nh_v,7
v_nh_v_wp,18
v_wp_wp_nt,48
wp_wp_nt_u,2
wp_nt_u_n,9
nt_u_n_wp,9
u_n_wp_v,94
n_wp_v_u,32
wp_v_u_n,44
v_u_n_p,8
u_n_p_nt,2
n_p_nt_wp,12
p_nt_wp_nt,4
nt_wp_nt_i,1
wp_nt_i_u,1
nt_i_u_d,1
i_u_d_v,1
u_d_v_wp,27
d_v_wp_n,119
v_wp_n_u,56
wp_n_u_u,8
n_u_u_v,5
u_u_v_u,4
v_u_wp_n,121
u_wp_n_nh,9
nh_v_wp_v,24
v_wp_v_d,32
wp_v_d_v,96
v_d_v_n,30
d_v_n_wp,189
v_n_wp_n,249
n_wp_n_a,25
wp_n_a_u,10
n_a_u_n,4
a_u_n_v,2
u_n_v_p,3
n_v_p_n,55
p_n_wp_d,31
n_wp_d_v,186
wp_d_v_j,4
d_v_j_c,2
v_j_c_v,3
j_c_v_u,1
c_v_u_wp,19
u_wp_n_d,47
wp_n_d_v,256
n_d_v_u,32
d_v_u_n,18
v_u_n_k,2
u_n_k_u,1
n_k_u_wp,6
k_u_wp_nh,1
u_wp_nh_v,34
wp_nh_v_u,15
nh_v_u_n,5
p_nt_wp_j,4
nt_wp_j_u,1
wp_j_u_n,14
j_u_n_u,7
wp_n_v_ns,3
n_v_ns_p,1
v_ns_p_v,1
ns_p_v_n,1
p_v_n_wp,115
v_n_wp_p,68
n_wp_p_nt,7
wp_p_nt_nt,4
p_nt_nt_u,2
nt_nt_u_wp,2
nt_u_wp_d,1
u_wp_d_v,71
wp_d_v_n,131
v_n_wp_m,19
n_wp_m_v,9
wp_m_v_n,5
m_v_n_wp,7
n_wp_v_a,30
wp_v_a_wp,10
v_a_wp_nh,6
a_wp_nh_wp,4
wp_nh_wp_c,2
nh_wp_c_nt,1
wp_c_nt_wp,5
c_nt_wp_v,1
nt_wp_v_nh,9
wp_v_nh_a,5
v_nh_a_wp,5
nh_a_wp_n,5
a_wp_n_v,34
wp_n_v_p,73
n_v_p_wp,4
v_p_wp_n,3
p_wp_n_d,3
n_d_v_wp,159
v_wp_n_d,77
d_v_wp_v,121
v_v_wp_v,100
v_wp_v_n,133
v_n_wp_wp,112
n_wp_wp_n,71
wp_n_v_v,171
v_v_wp_n,93
v_wp_n_v,184
wp_n_v_a,30
n_v_a_n,20
v_a_n_wp,52
n_wp_n_u,94
wp_n_u_n,135
n_u_n_u,85
wp_v_v_n,156
v_n_u_wp,190
n_u_wp_c,47
u_wp_c_v,64
wp_c_v_r,62
c_v_r_p,6
v_r_p_a,8
r_p_a_wp,10
p_a_wp_nt,2
a_wp_nt_d,3
wp_nt_d_v,17
nt_d_v_v,1
d_v_v_wp,100
v_wp_n_r,17
wp_n_r_d,5
n_r_d_v,8
r_d_v_p,5
d_v_p_d,6
v_p_d_v,16
p_d_v_wp,17
d_v_wp_wp,66
wp_wp_n_n,68
wp_n_n_v,86
n_n_v_wp,59
n_v_wp_wp,325
v_wp_wp_nh,116
wp_wp_nh_v,101
nh_v_u_wp,18
v_u_wp_c,59
u_wp_c_nt,1
wp_c_nt_u,2
c_nt_u_n,2
u_n_wp_n,65
n_wp_n_d,85
n_d_v_n,48
d_v_n_n,17
v_n_n_u,17
n_n_u_n,29
wp_n_v_i,5
n_v_i_u,1
v_i_u_n,2
i_u_n_wp,2
n_wp_v_j,11
wp_v_j_u,3
v_j_u_p,1
j_u_p_v,1
u_p_v_p,1
p_v_p_nt,3
v_p_nt_u,1
p_nt_u_wp,2
nt_u_wp_nt,1
u_wp_nt_nh,5
wp_nt_nh_v,5
nt_nh_v_n,4
nh_v_n_u,6
n_u_wp_nt,32
u_wp_nt_d,4
nt_d_v_n,5
wp_v_u_v,17
v_u_v_u,17
u_wp_n_n,34
wp_n_n_p,4
n_n_p_v,8
n_p_v_n,37
n_wp_v_c,25
wp_v_c_v,59
v_c_v_u,7
n_wp_v_v,187
v_v_wp_c,36
wp_c_v_n,93
v_n_wp_d,85
v_n_wp_c,102
n_wp_c_r,7
wp_c_r_v,10
c_r_v_r,3
r_v_r_wp,17
v_r_wp_wp,61
r_wp_wp_v,31
wp_wp_v_v,100
wp_v_v_d,8
v_v_d_p,2
v_d_p_n,9
d_p_n_v,14
p_n_v_wp,55
v_wp_wp_r,114
wp_wp_r_v,43
wp_r_v_u,20
r_v_u_wp,106
v_u_wp_wp,188
wp_wp_n_wp,57
wp_n_wp_v,83
n_wp_v_wp,118
wp_v_wp_wp,162
wp_d_v_d,28
d_v_d_a,8
v_d_a_wp,20
d_a_wp_a,7
a_wp_a_d,4
wp_a_d_v,19
a_d_v_d,2
d_v_d_wp,6
v_d_wp_wp,2
d_wp_wp_n,11
wp_wp_n_u,50
wp_n_u_wp,65
u_wp_v_p,29
wp_v_p_n,89
v_p_n_c,9
p_n_c_k,1
n_c_k_wp,1
c_k_wp_d,1
k_wp_d_p,1
wp_d_p_n,16
p_n_v_u,6
u_wp_r_d,16
wp_r_d_v,56
r_d_v_v,11
d_v_v_a,6
v_v_a_wp,16
v_a_wp_n,29
a_wp_n_d,16
n_wp_wp_nh,33
wp_nh_v_v,42
nh_v_v_v,5
wp_v_a_n,34
a_n_wp_v,39
n_wp_v_p,66
v_p_n_nd,12
p_n_nd_c,2
n_nd_c_d,1
nd_c_d_wp,1
c_d_wp_n,2
d_wp_n_v,4
wp_n_v_r,95
n_v_r_wp,103
v_r_wp_nt,20
nt_n_wp_i,2
n_wp_i_wp,30
wp_i_wp_nh,5
i_wp_nh_n,8
n_v_v_v,30
v_v_v_v,10
v_v_v_n,35
v_v_n_wp,201
n_wp_n_nh,13
v_wp_wp_j,27
wp_wp_j_n,12
wp_j_n_a,3
j_n_a_u,1
a_u_wp_n,33
u_wp_n_u,39
v_wp_wp_m,12
wp_wp_m_n,18
wp_m_n_k,1
m_n_k_nd,1
n_k_nd_u,1
k_nd_u_wp,1
nd_u_wp_wp,5
u_wp_wp_nh,61
wp_wp_nh_n,24
nh_n_v_wp,12
wp_v_n_v,184
v_n_v_nd,2
n_v_nd_wp,5
v_nd_wp_d,1
nd_wp_d_d,4
d_d_v_u,30
d_v_u_wp,157
wp_wp_r_n,21
wp_r_n_u,29
u_wp_v_c,15
wp_v_c_a,6
v_c_a_u,4
c_a_u_n,2
a_u_n_wp,13
v_wp_wp_a,43
wp_wp_a_d,5
a_d_v_u,4
wp_nh_v_wp,137
n_n_v_n,37
n_v_n_u,33
v_n_u_d,6
n_u_d_v,20
u_d_v_u,7
d_v_wp_a,10
v_wp_a_c,6
wp_a_c_d,5
a_c_d_v,7
c_d_v_wp,53
wp_n_r_v,28
n_r_v_u,19
u_wp_wp_ns,3
wp_wp_ns_n,2
wp_ns_n_v,3
ns_n_v_wp,2
wp_r_v_n,38
r_v_n_v,4
v_n_v_u,17
v_r_v_wp,71
r_v_wp_n,19
v_wp_n_a,23
a_u_wp_wp,38
u_wp_wp_v,77
wp_wp_v_a,8
v_a_n_v,11
a_n_v_wp,32
wp_wp_nh_c,1
wp_nh_c_v,4
nh_c_v_r,2
c_v_r_wp,92
c_v_r_v,17
r_v_wp_wp,43
wp_nh_v_nd,2
nh_v_nd_n,2
v_nd_n_v,3
nd_n_v_wp,7
wp_n_n_wp,60
n_n_wp_n,111
wp_n_d_wp,6
n_d_wp_r,1
d_wp_r_v,2
wp_r_v_d,17
r_v_d_c,1
v_d_c_d,1
d_c_d_wp,2
c_d_wp_wp,5
d_wp_wp_j,1
wp_j_n_v,18
j_n_v_wp,8
v_wp_wp_wp,12
wp_wp_wp_a,1
wp_wp_a_n,22
wp_a_n_wp,21
a_n_wp_u,2
n_wp_u_n,7
wp_u_n_n,5
u_n_n_a,1
n_n_a_u,3
a_u_wp_r,15
u_wp_r_p,12
wp_r_p_r,4
r_p_r_wp,3
p_r_wp_wp,9
n_wp_n_n,77
n_v_n_n,38
wp_n_v_c,26
n_v_c_a,4
v_c_a_wp,6
c_a_wp_nh,3
a_wp_nh_nd,1
wp_nh_nd_n,1
nh_nd_n_a,1
nd_n_a_c,1
n_a_c_n,2
a_c_n_wp,2
c_n_wp_n,10
wp_n_n_c,9
n_n_c_v,14
c_v_wp_n,47
v_wp_n_p,30
wp_n_p_n,52
n_p_n_n,24
p_n_n_v,7
n_n_v_r,13
v_r_wp_d,42
r_wp_d_v,35
d_v_n_u,45
n_u_wp_a,8
u_wp_a_wp,7
wp_a_wp_j,3
a_wp_j_wp,1
wp_j_wp_nh,11
j_wp_nh_n,4
wp_nh_n_r,4
nh_n_r_d,1
r_d_v_u,19
wp_n_n_n,30
n_n_n_wp,30
n_c_v_nh,5
c_v_nh_v,1
nh_v_wp_n,28
v_wp_n_nh,6
wp_n_nh_c,2
n_nh_c_c,1
nh_c_c_v,1
c_c_v_wp,1
c_v_wp_p,8
v_wp_p_a,2
wp_p_a_c,1
p_a_c_a,1
a_c_a_wp,7
c_a_wp_p,1
a_wp_p_n,6
wp_p_n_c,8
p_n_c_nh,2
n_c_nh_v,5
c_nh_v_wp,8
nh_v_wp_d,6
n_d_v_r,50
d_v_r_wp,102
r_wp_wp_a,3
u_u_v_wp,5
u_v_wp_n,20
wp_n_d_p,13
n_d_p_r,6
d_p_r_wp,4
r_wp_wp_m,2
wp_m_n_n,4
m_n_n_n,2
n_n_wp_v,86
v_v_v_u,19
u_wp_n_p,19
wp_n_p_v,46
v_n_wp_r,63
n_wp_r_v,36
r_v_u_v,7
p_n_wp_n,81
n_v_p_nh,13
v_p_nh_v,14
p_nh_v_wp,17
wp_wp_v_d,29
v_d_v_wp,74
d_v_wp_c,36
v_wp_c_j,2
wp_c_j_v,4
c_j_v_wp,2
j_v_wp_i,1
v_wp_i_wp,16
wp_i_wp_v,21
i_wp_v_v,13
wp_v_v_r,59
v_v_r_v,11
wp_a_n_d,8
a_n_d_v,6
d_v_n_p,8
v_n_p_n,61
n_p_n_c,6
p_n_c_p,3
n_c_p_r,6
c_p_r_v,6
p_r_v_wp,18
r_v_wp_v,18
v_u_wp_nh,34
u_wp_nh_c,3
wp_nh_c_wp,2
nh_c_wp_nh,2
c_wp_nh_r,1
wp_nh_r_n,5
nh_r_n_v,2
r_n_v_wp,38
wp_wp_n_p,30
p_n_n_wp,67
n_wp_n_r,16
wp_v_n_u,110
n_u_wp_r,37
wp_r_p_n,16
r_p_n_v,8
n_v_wp_nh,35
v_wp_nh_d,11
wp_nh_d_v,61
nh_d_v_n,12
v_n_u_u,4
n_u_u_wp,6
u_u_wp_r,2
wp_r_v_r,33
r_v_r_v,12
n_u_v_n,24
u_v_n_wp,32
n_wp_p_v,69
wp_p_v_a,9
p_v_a_u,3
v_a_u_wp,42
n_u_n_a,2
u_n_a_wp,3
a_wp_r_u,1
wp_r_u_n,2
r_u_n_u,2
c_a_u_wp,4
wp_r_d_d,10
r_d_d_u,1
d_d_u_wp,3
d_u_wp_c,5
v_n_wp_ns,3
n_wp_ns_r,1
wp_ns_r_n,1
ns_r_n_wp,1
r_n_wp_n,62
v_n_n_wp,116
n_wp_v_r,84
wp_v_r_v,37
v_r_v_u,24
wp_r_d_r,7
r_d_r_v,2
d_r_v_wp,6
r_v_wp_c,9
v_wp_c_n,16
wp_c_n_d,12
c_n_d_v,12
d_v_wp_nh,28
v_wp_nh_c,2
wp_nh_c_d,3
nh_c_d_d,1
c_d_d_wp,3
d_d_wp_wp,4
d_wp_wp_v,3
v_v_r_wp,114
r_wp_v_c,12
wp_v_c_p,9
v_c_p_r,6
c_p_r_wp,6
r_wp_v_wp,20
wp_wp_v_r,26
wp_v_r_n,79
v_r_n_u,21
wp_nh_v_r,26
nh_v_r_wp,14
v_v_d_v,10
wp_v_u_wp,49
u_wp_v_a,16
wp_v_a_d,5
v_a_d_v,4
a_d_v_n,9
u_wp_v_m,5
wp_v_m_r,4
v_m_r_wp,8
m_r_wp_n,2
r_wp_n_u,22
wp_v_v_m,6
v_v_m_r,3
m_r_wp_c,2
c_v_v_u,11
v_v_r_nh,1
v_r_nh_v,1
r_nh_v_wp,3
wp_wp_j_c,1
wp_j_c_v,2
j_c_v_n,4
n_wp_r_n,45
wp_r_n_d,18
r_n_d_v,17
n_d_v_a,11
d_v_a_wp,23
v_a_wp_v,20
a_wp_v_c,9
v_c_v_n,26
c_v_n_u,26
n_v_v_r,39
v_r_wp_p,26
r_wp_p_v,13
wp_p_v_m,5
p_v_m_v,1
v_m_v_u,2
m_v_u_wp,3
n_u_n_n,14
u_n_n_d,5
n_n_d_v,20
d_v_wp_r,33
v_wp_r_r,12
wp_r_r_v,20
r_r_v_u,10
v_u_v_wp,36
u_v_wp_v,21
v_wp_v_u,31
wp_v_u_u,3
v_u_u_v,2
v_wp_v_c,27
wp_v_c_d,20
v_c_d_v,30
d_v_wp_u,4
v_wp_u_n,1
wp_u_n_u,1
m_r_wp_d,2
r_wp_d_r,3
wp_d_r_v,18
d_r_v_u,12
r_v_wp_r,5
v_u_wp_j,6
u_wp_j_n,1
j_n_v_v,5
n_v_v_u,22
v_v_r_p,1
v_r_p_j,3
r_p_j_v,2
p_j_v_k,1
j_v_k_wp,1
v_k_wp_n,4
k_wp_n_v,3
n_v_c_v,29
v_c_v_v,17
d_v_r_n,61
wp_n_r_r,2
n_r_r_d,1
r_r_d_v,1
r_d_v_r,12
v_r_v_n,19
r_v_n_c,3
n_c_v_r,38
r_wp_v_a,6
wp_v_a_v,11
v_a_v_n,9
a_v_n_wp,20
u_n_wp_m,2
n_wp_m_r,2
wp_m_r_m,1
m_r_m_r,1
r_m_r_wp,6
m_r_wp_r,2
r_wp_r_d,6
wp_r_d_u,1
r_d_u_v,2
d_u_v_wp,5
u_v_wp_nh,3
v_wp_nh_n,19
wp_nh_n_u,8
nh_n_u_n,4
u_wp_v_r,28
r_n_wp_c,27
n_wp_c_v,121
c_v_u_n,12
v_u_n_wp,83
v_u_n_n,14
u_n_n_wp,21
n_n_wp_c,29
v_v_wp_p,19
v_wp_p_v,40
wp_p_v_p,24
p_v_p_n,15
v_p_n_v,38
p_n_v_m,1
n_v_m_n,3
v_m_n_wp,25
m_n_wp_nt,6
n_wp_nt_v,8
wp_nt_v_v,7
nt_v_v_wp,2
v_wp_n_wp,47
wp_n_wp_n,63
n_v_n_wp,221
n_wp_n_wp,86
wp_n_wp_nh,35
n_wp_nh_v,85
wp_nh_v_nh,13
nh_v_nh_wp,8
v_nh_wp_i,3
nh_wp_i_wp,4
wp_i_wp_p,2
i_wp_p_v,4
wp_p_v_v,24
p_v_v_nh,1
v_v_nh_wp,9
v_nh_wp_n,18
nh_wp_n_v,20
n_v_wp_r,21
v_wp_r_d,17
d_v_v_u,36
v_a_n_a,2
a_n_a_wp,2
a_wp_d_p,5
wp_d_p_v,23
d_p_v_n,8
c_r_v_u,5
u_wp_v_u,19
u_v_wp_r,8
v_wp_r_n,30
wp_r_n_v,46
r_n_v_v,9
wp_n_a_n,45
n_a_n_k,2
a_n_k_wp,4
n_k_wp_r,3
k_wp_r_v,2
u_wp_nh_wp,6
wp_nh_wp_v,21
nh_wp_v_v,12
n_wp_nh_u,11
wp_nh_u_n,20
nh_u_n_wp,17
u_n_wp_d,49
n_wp_d_r,7
d_r_v_n,5
r_v_n_wp,44
u_n_wp_j,4
n_wp_j_d,10
wp_j_d_c,2
j_d_c_v,2
d_c_v_wp,5
n_v_a_wp,17
v_a_wp_d,8
u_wp_n_wp,17
n_wp_nh_wp,20
wp_nh_wp_p,2
nh_wp_p_n,6
p_n_a_u,5
v_a_v_p,3
a_v_p_r,1
v_a_v_a,3
a_v_a_wp,4
d_d_v_wp,33
wp_n_r_n,12
n_r_n_u,3
wp_v_v_nh,12
v_nh_wp_v,18
nh_wp_v_wp,8
wp_v_wp_nz,1
v_wp_nz_wp,1
wp_nz_wp_u,1
nz_wp_u_m,1
wp_u_m_q,1
u_m_q_wp,1
m_q_wp_nh,2
q_wp_nh_v,1
nh_v_wp_a,3
v_wp_a_n,17
n_wp_u_m,1
wp_u_m_n,1
u_m_n_wp,4
m_n_wp_n,15
nh_v_n_v,23
wp_v_r_p,27
v_r_p_v,5
r_p_v_n,12
p_v_n_u,24
wp_r_v_wp,11
wp_wp_p_v,89
wp_wp_nh_a,6
wp_nh_a_wp,3
nh_a_wp_v,2
a_wp_v_a,6
v_a_wp_r,4
wp_d_v_wp,92
wp_r_n_wp,16
r_n_wp_wp,23
n_wp_wp_p,16
wp_wp_a_p,1
wp_a_p_v,7
a_p_v_a,1
p_v_a_c,1
v_a_c_v,7
a_c_v_u,3
v_u_wp_a,9
u_wp_a_d,3
u_wp_d_i,1
wp_d_i_c,2
d_i_c_a,1
i_c_a_wp,1
c_a_wp_r,1
r_v_d_a,3
d_a_wp_wp,11
a_wp_wp_n,14
v_wp_wp_z,1
wp_wp_z_n,1
wp_z_n_wp,1
z_n_wp_v,1
v_n_wp_j,18
n_wp_j_a,3
wp_j_a_v,2
j_a_v_u,1
a_v_u_wp,9
n_d_p_wp,2
d_p_wp_c,3
p_wp_c_v,2
r_v_v_r,8
r_wp_n_nh,4
n_nh_v_u,2
v_u_wp_p,27
u_wp_p_r,8
wp_p_r_p,5
p_r_p_v,4
r_p_v_wp,5
p_v_wp_n,30
p_v_wp_d,13
v_wp_d_i,3
d_i_c_v,1
i_c_v_wp,4
n_wp_n_p,45
wp_n_p_a,11
n_p_a_wp,15
p_a_wp_nh,4
a_wp_nh_v,7
wp_nh_v_a,15
nh_v_a_d,1
v_a_d_u,1
a_d_u_wp,4
d_u_wp_wp,7
u_wp_wp_nt,33
wp_wp_nt_wp,44
wp_nt_wp_nh,26
nt_wp_nh_wp,2
wp_nh_wp_n,20
nh_wp_n_wp,11
nh_n_v_p,3
p_nh_wp_nh,11
nh_v_v_r,7
r_wp_n_n,19
n_n_v_nh,5
n_v_nh_wp,26
nh_wp_n_d,6
n_d_wp_nh,2
d_wp_nh_v,3
wp_n_wp_wp,29
wp_n_n_d,23
n_d_v_nh,7
d_v_nh_wp,11
v_nh_wp_c,5
v_r_wp_nh,38
r_wp_nh_v,22
wp_wp_nh_d,23
wp_nh_d_d,9
nh_d_d_v,5
wp_n_r_p,3
n_r_p_r,2
r_wp_wp_n,23
wp_wp_v_u,30
n_u_u_d,2
u_u_d_d,1
u_d_d_wp,2
d_d_wp_d,5
d_wp_d_r,1
wp_d_r_d,2
d_r_d_v,2
r_d_v_wp,19
v_wp_wp_c,31
wp_wp_c_v,29
c_v_wp_v,55
wp_v_v_u,45
v_v_u_n,18
u_n_p_nl,1
n_p_nl_wp,3
p_nl_wp_nh,1
nl_wp_nh_v,1
v_wp_a_p,7
wp_a_p_n,10
a_p_n_v,2
wp_nh_v_p,28
nh_v_p_v,8
wp_wp_v_p,20
wp_v_p_m,4
v_p_m_v,2
p_m_v_wp,1
m_v_wp_nh,4
v_wp_nh_v,71
wp_wp_n_d,61
u_wp_wp_d,15
v_wp_v_wp,38
wp_wp_v_wp,32
v_n_wp_a,33
n_wp_a_n,31
wp_a_n_c,4
a_n_c_v,5
v_r_wp_r,25
r_wp_r_r,3
r_r_v_n,1
n_n_wp_a,17
n_wp_a_v,19
wp_a_v_v,14
a_v_v_n,5
v_n_wp_u,12
n_n_wp_nh,22
n_wp_wp_c,9
c_v_wp_wp,23
wp_r_n_p,6
r_n_p_p,2
n_p_p_a,3
p_p_a_wp,1
p_a_wp_n,7
wp_wp_nh_wp,17
nh_wp_n_n,5
n_n_c_nh,1
n_c_nh_n,3
c_nh_n_v,2
wp_v_wp_v,22
v_v_p_v,16
a_wp_v_v,19
wp_wp_r_d,25
d_v_r_u,7
v_r_u_wp,22
r_u_wp_wp,15
v_v_v_nh,5
v_v_nh_p,2
v_nh_p_n,4
nh_p_n_wp,10
n_p_n_wp,94
p_n_wp_nh,39
wp_wp_a_u,14
wp_a_u_n,9
u_n_wp_nh,14
n_wp_nh_a,9
wp_nh_a_u,4
nh_a_u_wp,5
a_u_wp_a,3
u_wp_a_v,2
wp_a_v_wp,8
a_v_wp_r,5
wp_r_r_n,10
r_r_n_u,6
p_n_v_j,1
n_v_j_wp,7
v_j_wp_p,2
j_wp_p_v,5
p_v_v_n,14
nh_u_n_u,10
wp_n_v_d,20
n_v_d_a,3
v_d_a_n,2
d_a_n_n,1
a_n_n_wp,14
n_wp_c_a,11
wp_c_a_n,11
c_a_n_u,3
a_n_u_wp,28
u_wp_wp_p,46
v_v_wp_r,26
v_wp_r_v,44
r_v_v_a,2
a_wp_d_v,33
v_v_wp_j,6
v_wp_j_d,4
wp_j_d_v,18
j_d_v_nt,2
d_v_nt_wp,3
v_nt_wp_r,2
nt_wp_r_r,2
wp_r_r_a,3
r_r_a_u,2
r_a_u_wp,17
nh_v_p_n,23
v_p_n_nh,4
p_n_nh_v,3
n_u_v_a,4
u_v_a_v,2
v_a_v_c,1
a_v_c_v,1
v_c_v_r,43
c_v_r_k,1
v_r_k_wp,1
r_k_wp_r,1
k_wp_r_nh,1
wp_r_nh_u,2
r_nh_u_v,1
nh_u_v_u,3
u_wp_v_j,4
wp_v_j_d,4
v_j_d_v,3
j_d_v_wp,4
d_v_wp_p,25
v_wp_p_n,21
wp_p_n_n,20
c_v_p_n,22
v_p_n_n,40
n_n_wp_j,7
v_nt_wp_v,7
nt_wp_v_n,18
v_wp_r_p,7
wp_r_p_v,14
r_p_v_a,3
p_v_a_wp,12
a_wp_nh_d,3
nh_d_v_q,1
d_v_q_u,1
v_q_u_wp,2
q_u_wp_n,1
n_v_wp_d,25
wp_d_r_p,1
d_r_p_n,1
r_p_n_wp,27
p_n_wp_wp,24
r_wp_n_c,7
wp_n_c_j,2
n_c_j_j,1
c_j_j_d,2
j_j_d_v,4
wp_wp_n_c,13
n_c_j_nd,1
c_j_nd_wp,1
j_nd_wp_r,1
nd_wp_r_v,3
r_v_n_u,18
n_u_wp_nh,27
u_wp_nh_p,5
wp_nh_p_d,1
nh_p_d_v,2
p_d_v_p,5
wp_v_r_nd,4
v_r_nd_d,1
r_nd_d_v,2
nd_d_v_r,1
d_v_r_nd,2
v_r_nd_wp,6
r_nd_wp_d,4
nd_wp_d_v,11
wp_d_v_u,47
wp_wp_ns_v,2
wp_ns_v_wp,3
ns_v_wp_wp,1
wp_wp_nt_p,1
wp_nt_p_nd,1
nt_p_nd_wp,1
p_nd_wp_d,2
nd_wp_d_p,2
d_p_v_wp,14
p_v_wp_v,32
v_wp_v_r,41
r_v_wp_nh,3
nh_c_d_v,3
wp_ns_v_n,1
ns_v_n_v,2
wp_v_p_v,52
wp_wp_c_a,1
c_a_v_wp,6
r_wp_nh_nh,8
wp_nh_nh_r,1
nh_nh_r_v,1
nh_r_v_u,6
r_v_u_n,4
v_u_n_a,1
n_a_wp_nh,4
a_wp_nh_nh,1
wp_nh_nh_v,37
nh_nh_v_u,2
nh_v_u_u,2
v_u_u_wp,20
u_u_wp_nh,2
u_wp_nh_a,3
wp_nh_a_d,2
nh_a_d_v,3
v_n_v_n,72
u_wp_d_u,1
wp_d_u_d,1
d_u_d_v,1
wp_v_v_b,1
v_v_b_v,1
v_b_v_u,1
b_v_u_wp,2
v_wp_n_n,35
v_wp_n_nd,3
wp_n_nd_n,4
n_nd_n_v,1
n_v_wp_nd,3
v_wp_nd_v,6
wp_nd_v_wp,3
nd_v_wp_v,6
c_v_wp_b,1
v_wp_b_r,1
wp_b_r_n,2
b_r_n_v,2
r_n_v_r,3
wp_n_n_a,6
wp_v_n_nd,7
v_n_nd_n,2
n_nd_n_u,2
nd_n_u_wp,2
n_n_wp_u,2
n_wp_u_v,6
wp_u_v_v,4
u_v_v_u,4
wp_wp_n_nd,5
n_nd_n_wp,3
nd_n_wp_n,9
n_v_wp_c,27
v_wp_c_c,3
wp_c_c_v,8
c_c_v_p,1
c_v_p_v,11
v_p_v_n,36
p_v_n_nd,1
v_n_nd_wp,8
n_nd_wp_v,11
nd_wp_v_v,6
v_v_r_c,3
v_r_c_v,8
r_c_v_r,3
c_v_r_n,31
n_wp_n_nd,5
wp_n_nd_v,7
n_nd_v_r,1
nd_v_r_wp,5
v_r_p_n,22
wp_v_v_c,27
wp_wp_r_a,7
wp_r_a_v,6
r_a_v_r,3
v_r_v_a,1
r_v_a_n,2
v_a_n_u,14
n_p_n_u,12
v_v_n_nd,2
v_n_nd_c,1
n_nd_c_v,2
nd_c_v_r,3
wp_n_u_a,12
n_u_a_n,5
u_a_n_v,1
a_n_v_m,1
n_v_m_wp,3
v_m_wp_n,2
m_wp_n_d,2
wp_v_r_a,6
v_r_a_wp,12
r_a_wp_n,5
a_wp_n_r,4
wp_n_r_a,7
n_r_a_wp,1
r_a_wp_v,5
a_wp_v_r,6
r_n_wp_m,4
n_wp_m_k,1
wp_m_k_u,1
m_k_u_p,1
k_u_p_p,1
u_p_p_n,1
p_p_n_u,3
u_wp_nt_n,18
wp_nt_n_p,3
nt_n_p_n,1
p_n_wp_b,4
n_wp_b_v,6
wp_b_v_u,1
u_wp_n_nd,2
nd_n_wp_b,1
n_wp_b_n,13
wp_b_n_wp,8
b_n_wp_c,3
wp_c_v_nd,5
c_v_nd_u,1
v_nd_u_wp,4
nd_u_wp_d,2
wp_d_a_u,3
d_a_u_wp,36
u_wp_a_c,2
wp_d_v_a,23
d_v_a_u,12
u_wp_n_r,16
n_r_n_wp,12
wp_nh_d_b,1
nh_d_b_n,1
d_b_n_wp,1
b_n_wp_v,5
n_wp_v_b,4
wp_v_b_j,1
v_b_j_a,1
b_j_a_wp,1
j_a_wp_wp,2
a_wp_wp_v,12
wp_v_a_c,5
v_a_c_n,2
n_wp_wp_nt,12
wp_wp_nt_nt,8
wp_nt_nt_wp,29
nt_wp_nh_v,13
nh_v_v_j,2
v_v_j_p,1
v_j_p_nh,2
j_p_nh_wp,1
p_nh_wp_v,12
nh_wp_v_n,28
n_nd_wp_n,3
nd_wp_n_v,5
n_v_p_a,12
v_p_a_n,15
a_n_wp_a,9
wp_a_n_v,30
a_d_v_v,6
r_v_v_wp,16
wp_r_n_n,5
r_n_n_u,2
wp_d_a_a,3
d_a_a_u,2
a_a_u_wp,6
u_wp_d_r,5
nh_v_n_c,7
v_n_c_nh,6
n_c_nh_nh,1
c_nh_nh_wp,1
nh_nh_wp_n,5
wp_n_d_d,21
n_d_d_v,15
wp_n_n_u,31
n_u_wp_j,9
u_wp_j_c,2
j_c_v_wp,3
r_v_p_r,2
v_p_r_v,5
wp_wp_nt_nd,2
wp_nt_nd_n,4
nt_nd_n_v,1
nd_n_v_v,2
n_wp_v_m,6
wp_v_m_n,15
v_m_n_p,5
m_n_p_n,3
p_n_wp_r,14
v_wp_wp_i,12
wp_wp_i_wp,8
i_wp_v_n,18
wp_wp_nh_nh,18
wp_nh_nh_u,6
nh_nh_u_n,3
nh_u_n_v,5
u_n_v_v,12
wp_n_nh_u,3
n_nh_u_wp,3
nh_u_wp_nd,1
u_wp_nd_n,3
wp_nd_n_v,11
nd_n_v_n,4
n_wp_p_ns,2
wp_p_ns_c,1
p_ns_c_n,1
ns_c_n_wp,1
c_n_wp_v,21
wp_v_n_m,2
v_n_m_v,1
n_m_v_wp,7
v_wp_nh_nh,16
u_wp_v_wp,23
wp_v_p_r,14
v_p_r_c,1
p_r_c_d,2
r_c_d_u,1
c_d_u_wp,1
wp_wp_r_r,5
r_r_v_a,2
r_v_a_u,6
v_a_r_wp,1
a_r_wp_r,1
wp_r_r_p,3
r_r_p_v,2
r_p_v_v,3
p_v_v_wp,31
v_wp_wp_b,11
wp_wp_b_n,7
wp_b_n_p,2
b_n_p_v,1
wp_nh_n_d,17
nh_n_d_v,17
v_v_r_u,5
r_u_wp_d,2
u_wp_wp_nd,6
wp_wp_nd_n,5
nd_n_v_nh,1
v_nh_wp_nh,22
wp_wp_n_r,9
n_r_n_v,4
wp_v_p_p,4
v_p_p_r,3
p_p_r_wp,4
p_r_wp_d,4
nh_n_r_v,1
n_r_v_wp,6
r_v_wp_m,2
v_wp_m_q,5
wp_m_q_v,4
m_q_v_wp,4
q_v_wp_n,1
nh_v_v_u,12
wp_wp_r_m,2
wp_r_m_r,1
m_r_wp_wp,2
r_wp_wp_p,9
v_n_c_q,1
n_c_q_n,1
c_q_n_wp,2
q_n_wp_n,4
n_v_r_u,2
r_u_wp_a,2
wp_a_d_m,1
a_d_m_q,1
d_m_q_wp,3
m_q_wp_wp,6
q_wp_wp_nh,2
r_v_v_m,2
v_v_m_wp,4
v_m_wp_wp,3
m_wp_wp_nd,1
nd_n_v_c,1
c_v_n_v,22
nh_d_v_u,6
n_c_nh_wp,1
c_nh_wp_r,1
nh_wp_r_p,1
wp_r_p_m,2
r_p_m_r,2
p_m_r_wp,2
r_wp_wp_nh,11
v_v_j_d,1
d_v_wp_nt,11
v_wp_nt_nh,4
wp_nt_nh_wp,7
nt_nh_wp_nh,2
nh_wp_nh_c,6
wp_nh_c_r,2
nh_c_r_n,2
c_r_n_n,1
r_n_n_p,3
n_n_p_nh,3
n_p_nh_nh,1
nh_nh_wp_a,1
nh_wp_a_n,4
a_n_wp_nh,11
n_wp_nh_j,1
wp_nh_j_wp,4
nh_j_wp_n,1
j_wp_n_n,3
wp_v_j_wp,6
v_j_wp_n,2
j_wp_n_a,3
n_a_n_p,3
a_n_p_n,4
p_n_u_nd,4
n_u_nd_wp,13
u_nd_wp_a,1
nd_wp_a_v,2
a_v_wp_n,5
wp_n_a_a,3
n_a_a_c,1
a_a_c_p,1
a_c_p_n,1
c_p_n_wp,3
v_a_n_r,2
a_n_r_n,2
wp_c_v_m,9
c_v_m_n,8
nh_v_wp_j,3
v_wp_j_nd,1
wp_j_nd_v,1
j_nd_v_n,1
nd_v_n_v,5
n_v_v_n,54
v_v_n_c,13
v_n_c_n,16
n_c_n_p,5
c_n_p_a,1
n_p_a_b,1
p_a_b_wp,1
a_b_wp_v,1
b_wp_v_n,2
r_d_r_n,2
d_r_n_wp,7
r_n_wp_u,1
wp_u_v_d,3
v_wp_p_r,20
wp_p_r_v,22
p_r_v_n,9
r_v_n_d,3
n_p_v_v,15
v_v_wp_m,4
v_wp_m_v,6
wp_m_v_v,2
m_v_v_m,1
v_v_m_q,2
v_m_q_wp,19
q_wp_nh_u,1
nh_u_n_d,1
u_n_d_v,4
v_p_v_wp,49
p_v_wp_p,4
v_wp_p_m,2
wp_p_m_nh,1
p_m_nh_p,1
m_nh_p_d,1
d_v_wp_m,6
v_wp_m_p,2
wp_m_p_nd,1
m_p_nd_wp,1
p_nd_wp_nh,2
nd_wp_nh_p,1
wp_nh_p_nd,1
nh_p_nd_wp,3
wp_d_p_nd,3
d_p_nd_n,2
p_nd_n_wp,16
nd_n_wp_v,11
wp_d_v_nd,7
d_v_nd_v,3
v_nd_v_wp,4
nd_v_wp_p,3
wp_p_v_r,14
wp_d_v_c,24
d_v_c_a,3
a_u_wp_d,11
c_v_n_n,15
v_n_n_n,16
n_v_v_a,11
v_v_a_p,1
v_a_p_a,1
a_p_a_wp,1
a_wp_nt_wp,3
nh_n_v_n,8
n_v_wp_p,19
a_u_wp_p,5
u_wp_p_v,20
wp_p_v_i,3
p_v_i_wp,4
v_i_wp_nh,3
nh_n_v_nt,1
n_v_nt_p,1
v_nt_p_a,1
nt_p_a_n,1
p_a_n_n,2
a_n_n_v,2
wp_v_u_d,6
v_u_d_v,11
wp_n_d_u,2
n_d_u_wp,4
d_u_wp_n,9
n_wp_wp_a,6
wp_a_u_wp,19
v_n_v_j,2
n_v_j_v,2
v_j_v_wp,4
j_v_wp_c,4
wp_wp_a_j,2
wp_a_j_wp,1
a_j_wp_n,1
j_wp_n_v,6
n_d_u_v,2
wp_v_r_r,3
v_r_r_n,1
r_r_n_d,3
r_n_d_wp,1
n_d_wp_wp,6
wp_wp_nt_nh,2
n_v_a_v,5
v_a_v_wp,10
a_v_wp_v,10
v_wp_v_p,38
wp_v_p_a,13
a_n_wp_d,10
v_u_wp_q,1
u_wp_q_v,3
wp_q_v_n,3
q_v_n_wp,3
n_wp_p_d,8
wp_p_d_v,12
d_v_wp_nd,6
v_wp_nd_n,5
wp_nd_n_d,3
nd_n_d_v,4
v_n_p_ns,2
n_p_ns_wp,6
p_ns_wp_n,5
ns_wp_n_n,1
v_p_wp_c,3
p_wp_c_n,1
wp_c_n_v,37
c_n_v_n,16
a_v_p_a,2
v_p_a_nt,1
p_a_nt_wp,1
a_nt_wp_a,1
nt_wp_a_n,3
v_p_wp_p,1
p_wp_p_v,1
wp_p_v_n,46
p_v_n_nt,1
v_n_nt_wp,2
n_nt_wp_n,4
nt_wp_n_wp,5
wp_n_wp_r,3
r_n_v_n,17
n_n_v_a,4
n_c_n_v,9
n_wp_d_p,27
wp_d_p_r,11
d_p_r_nt,1
p_r_nt_wp,1
r_nt_wp_v,2
nt_wp_v_r,2
v_n_p_r,12
n_p_r_n,16
p_r_n_v,14
n_v_wp_n,81
wp_wp_d_p,8
d_p_n_r,1
p_n_r_wp,1
n_r_wp_c,1
r_wp_c_n,11
c_n_v_c,2
v_c_v_a,2
c_v_a_n,6
c_v_v_j,1
v_v_j_n,3
v_j_n_wp,9
j_n_wp_c,2
r_wp_c_a,3
u_wp_nt_b,2
wp_nt_b_n,3
nt_b_n_n,1
b_n_n_v,1
n_wp_v_ns,3
wp_v_ns_wp,4
v_ns_wp_n,2
ns_wp_n_wp,2
n_a_n_wp,23
a_n_wp_p,7
p_n_a_b,1
n_a_b_wp,1
a_b_wp_n,1
b_wp_n_v,3
wp_n_v_nz,1
n_v_nz_r,1
v_nz_r_wp,1
nz_r_wp_v,1
r_wp_v_r,11
wp_v_r_ns,2
v_r_ns_wp,2
r_ns_wp_nh,1
ns_wp_nh_wp,1
wp_n_wp_a,7
n_wp_a_wp,9
wp_a_wp_a,2
a_wp_a_v,8
wp_a_v_r,5
a_v_r_n,5
r_n_wp_nt,9
wp_nt_v_n,8
nt_v_n_c,2
n_c_v_u,11
c_v_u_u,6
u_u_wp_c,2
wp_c_n_wp,19
wp_v_r_m,11
v_r_m_r,5
u_n_wp_c,27
n_wp_c_n,45
c_n_v_u,6
n_v_u_n,29
u_n_wp_p,27
wp_p_v_u,14
n_wp_r_wp,2
wp_r_wp_n,6
wp_c_n_n,16
c_n_n_u,3
n_n_u_d,1
n_u_d_n,1
u_d_n_wp,1
d_n_wp_p,1
wp_r_wp_c,2
n_wp_c_d,35
wp_c_d_v,70
c_d_v_n,23
wp_n_v_nt,2
n_v_nt_wp,4
v_nt_wp_p,3
nt_wp_p_p,1
wp_p_p_v,2
p_p_v_wp,3
p_v_wp_nt,4
v_wp_nt_p,2
wp_nt_p_v,4
nt_p_v_wp,1
nt_p_v_n,3
v_n_wp_nt,28
n_wp_nt_p,2
p_n_v_r,9
n_v_r_n,41
v_v_u_v,9
v_u_v_nd,1
u_v_nd_wp,1
v_nd_wp_p,1
nd_wp_p_v,1
p_v_r_n,18
r_n_wp_r,16
r_n_d_a,5
n_d_a_wp,21
d_a_wp_c,6
a_wp_c_v,12
c_v_m_q,3
m_q_wp_nt,2
q_wp_nt_v,1
nt_v_n_u,1
wp_c_v_a,15
c_v_a_u,2
r_wp_n_d,13
r_v_d_v,12
d_v_wp_j,6
j_d_v_u,2
u_wp_c_d,17
v_p_a_u,1
p_a_u_wp,5
a_u_wp_c,10
u_wp_c_wp,1
wp_c_wp_n,5
c_wp_n_wp,5
v_d_v_r,15
m_r_wp_a,2
r_wp_a_u,2
wp_a_u_u,1
a_u_u_a,1
u_u_a_u,1
u_a_u_wp,6
wp_nt_n_nd,1
nt_n_nd_a,1
n_nd_a_v,1
nd_a_v_m,1
a_v_m_q,1
v_m_q_u,2
m_q_u_wp,3
q_u_wp_r,1
r_v_v_v,4
v_v_v_d,4
v_v_d_u,1
v_d_u_wp,9
c_v_m_r,1
m_r_wp_nh,1
nh_v_p_d,1
v_p_d_d,3
p_d_d_wp,1
d_d_wp_m,1
d_wp_m_q,1
m_q_v_n,2
q_v_n_v,1
c_d_v_a,3
r_d_r_u,1
d_r_u_wp,2
n_v_nh_c,3
v_nh_c_u,1
nh_c_u_wp,2
c_u_wp_c,2
wp_wp_r_p,7
r_wp_a_c,3
wp_a_c_a,3
a_c_a_n,2
c_a_n_wp,6
v_c_a_r,1
c_a_r_nd,1
a_r_nd_wp,1
r_nd_wp_nh,2
nd_wp_nh_v,5
nh_v_a_u,3
wp_v_r_wp,40
n_v_p_nt,8
v_p_nt_wp,27
p_nt_wp_nh,6
wp_wp_a_b,1
wp_a_b_n,1
a_b_n_wp,1
b_n_wp_n,7
v_n_wp_h,1
n_wp_h_n,1
wp_h_n_d,1
h_n_d_v,1
wp_wp_wp_n,13
wp_wp_b_d,1
wp_b_d_v,1
b_d_v_a,1
u_n_wp_u,2
n_wp_u_p,4
wp_u_p_n,3
u_p_n_n,4
p_n_n_u,14
m_q_wp_d,3
q_wp_d_nt,1
wp_d_nt_p,1
d_nt_p_d,1
nt_p_d_v,1
wp_nd_n_p,1
nd_n_p_v,1
p_v_wp_m,3
wp_m_v_u,4
m_v_u_nd,1
v_u_nd_wp,3
u_nd_wp_d,6
v_v_n_n,24
c_v_a_c,1
v_a_c_wp,1
a_c_wp_n,1
c_wp_n_nh,1
r_wp_v_p,10
v_p_a_wp,17
p_a_wp_v,13
a_wp_v_n,23
v_n_d_d,3
n_d_d_wp,11
d_d_wp_v,6
d_wp_v_p,2
u_a_n_wp,1
u_wp_d_p,7
d_p_n_n,4
wp_n_v_m,10
n_v_m_q,5
m_q_wp_n,6
q_wp_n_v,5
v_a_wp_a,6
a_wp_a_wp,3
wp_a_wp_n,4
a_wp_n_wp,7
wp_v_wp_a,10
v_wp_a_u,2
wp_v_v_nt,4
v_v_nt_wp,5
v_nt_wp_n,6
nt_wp_n_v,36
m_q_wp_v,19
q_wp_v_d,1
n_wp_a_a,6
wp_a_a_a,2
a_a_a_n,1
a_a_n_wp,6
a_n_wp_i,4
wp_i_wp_i,7
i_wp_i_wp,7
a_n_wp_b,1
n_wp_b_wp,3
wp_b_wp_nh,2
b_wp_nh_n,1
wp_nh_n_c,2
nh_n_c_v,2
n_wp_a_d,9
d_v_n_v,9
u_n_wp_nt,3
n_wp_nt_n,17
wp_nt_n_d,8
nt_n_d_v,7
n_d_v_d,8
d_v_d_n,5
v_d_n_wp,7
d_n_wp_v,8
v_v_c_r,3
v_c_r_u,2
c_r_u_wp,3
v_wp_p_nt,4
p_nt_nt_wp,2
nt_nt_wp_ns,1
nt_wp_ns_v,1
wp_ns_v_a,1
ns_v_a_wp,1
wp_v_a_u,9
v_r_a_n,3
r_a_n_wp,7
n_n_v_c,3
wp_nt_n_v,23
nt_n_v_p,4
v_p_a_p,1
p_a_p_v,1
a_p_v_n,4
n_r_a_u,5
r_v_p_n,7
v_a_u_u,1
a_u_u_v,1
u_wp_p_n,11
wp_p_n_wp,16
n_u_v_d,2
n_wp_p_wp,1
wp_p_wp_nz,2
p_wp_nz_wp,4
wp_nz_wp_wp,2
nz_wp_wp_b,1
wp_wp_b_v,4
wp_b_v_b,1
b_v_b_wp,1
v_b_wp_n,3
u_wp_wp_a,5
wp_wp_a_r,1
wp_a_r_n,4
a_r_n_c,3
r_n_c_v,18
r_wp_nh_n,2
wp_c_d_p,3
c_d_p_n,1
d_p_n_u,4
v_nh_wp_r,3
nh_wp_r_v,3
wp_nt_wp_n,37
n_v_d_v,21
v_d_v_p,11
d_v_p_nh,5
v_d_wp_n,1
c_v_wp_nh,22
nh_d_v_wp,23
v_wp_m_n,12
wp_m_n_a,3
m_n_a_wp,4
n_a_wp_n,13
n_a_wp_v,21
v_r_n_n,15
r_n_n_c,4
n_c_v_nt,2
c_v_nt_wp,3
v_nt_wp_nd,1
nt_wp_nd_v,1
wp_nd_v_v,9
nd_v_v_v,2
nh_wp_v_a,2
n_wp_v_nh,18
wp_v_nh_p,5
v_v_v_nd,2
v_v_nd_u,1
v_nd_u_n,2
nd_u_n_u,3
n_u_wp_p,16
wp_v_d_u,3
v_d_u_v,1
u_v_wp_wp,25
wp_wp_d_nh,1
wp_d_nh_u,2
d_nh_u_n,2
v_a_wp_wp,7
v_p_nh_n,10
p_nh_n_d,1
nh_n_a_wp,2
n_a_wp_wp,3
n_wp_nh_p,19
wp_nh_p_q,1
nh_p_q_wp,1
p_q_wp_q,1
q_wp_q_p,1
wp_q_p_j,1
q_p_j_v,1
p_j_v_wp,1
j_v_wp_n,4
d_v_p_a,4
p_a_wp_c,4
a_wp_c_n,2
wp_c_n_p,7
c_n_p_i,1
n_p_i_v,1
p_i_v_r,1
i_v_r_n,1
d_v_a_v,5
a_v_wp_wp,9
wp_nh_wp_j,3
nh_wp_j_wp,2
wp_j_wp_v,8
j_wp_v_u,1
wp_wp_v_nd,2
wp_v_nd_n,3
v_nd_n_p,2
nd_n_p_n,2
n_p_n_v,21
p_n_v_n,20
wp_v_p_d,10
v_wp_d_d,21
wp_d_d_n,10
d_d_n_wp,9
d_n_wp_c,3
wp_c_n_c,3
c_n_c_v,5
c_d_v_u,12
wp_v_v_i,3
v_v_i_wp,4
v_i_wp_v,6
v_n_v_a,7
a_v_wp_nh,4
nh_v_a_v,5
v_a_v_nt,1
a_v_nt_wp,2
n_v_c_r,2
v_c_r_v,1
r_v_r_n,7
n_wp_r_p,15
wp_wp_d_i,1
wp_d_i_wp,3
d_i_wp_v,3
i_wp_v_u,3
u_wp_wp_m,3
wp_m_n_wp,31
n_wp_nt_c,1
wp_nt_c_v,3
nt_c_v_wp,4
wp_nh_v_ns,4
nh_v_ns_wp,2
v_ns_wp_d,1
ns_wp_d_v,2
wp_d_v_nh,10
d_v_nh_n,4
v_nh_n_wp,17
nh_n_wp_n,14
n_wp_nh_i,6
wp_nh_i_v,1
nh_i_v_wp,1
i_v_wp_c,1
c_n_v_v,7
v_v_wp_nh,28
v_wp_nh_nt,2
wp_nh_nt_nt,11
nt_nt_wp_v,14
nt_wp_v_v,8
v_v_nh_v,7
nh_v_wp_c,7
n_c_v_v,13
c_v_v_wp,31
wp_v_wp_n,29
wp_n_wp_c,9
n_wp_c_wp,4
wp_c_wp_j,2
c_wp_j_n,1
wp_j_n_wp,3
j_n_wp_wp,2
wp_nh_d_p,4
nh_d_p_j,1
d_p_j_u,2
p_j_u_wp,2
j_u_wp_r,1
wp_r_v_nt,1
r_v_nt_v,1
v_nt_v_nh,1
nt_v_nh_u,1
v_nh_u_n,5
n_wp_p_nh,4
wp_p_nh_u,2
p_nh_u_u,1
nh_u_u_p,1
u_u_p_n,1
u_p_n_u,3
wp_n_wp_u,5
nh_nh_v_wp,22
wp_n_p_nh,5
n_p_nh_wp,11
v_n_v_r,25
n_wp_wp_wp,8
wp_wp_wp_d,1
v_d_v_u,24
wp_v_p_c,1
v_p_c_n,2
p_c_n_wp,2
d_v_a_n,7
a_wp_n_a,6
wp_n_a_v,11
a_v_n_n,3
wp_d_a_wp,9
n_v_r_v,16
r_v_n_n,3
u_wp_d_nh,1
wp_d_nh_v,3
d_nh_v_r,1
p_v_u_u,1
u_u_wp_wp,9
wp_wp_p_d,2
v_r_wp_ns,1
r_wp_ns_n,1
wp_ns_n_n,2
ns_n_n_v,2
wp_nt_wp_j,9
nt_wp_j_d,1
wp_j_d_i,1
j_d_i_wp,2
d_i_wp_d,2
i_wp_d_v,16
a_n_v_v,9
v_v_r_a,3
v_r_a_a,2
r_a_a_wp,3
a_a_wp_v,4
a_wp_v_nh,3
wp_v_nh_v,14
v_nh_v_n,7
r_n_wp_a,9
wp_a_n_p,5
a_n_p_r,1
n_p_r_v,10
p_r_v_v,6
d_v_u_v,9
p_nt_wp_n,12
wp_wp_i_v,6
wp_i_v_n,4
i_v_n_v,3
v_v_a_a,2
v_a_a_wp,3
a_a_wp_d,3
wp_b_n_v,14
b_n_v_n,7
a_n_wp_wp,7
n_n_n_u,7
wp_d_n_nd,1
d_n_nd_r,1
n_nd_r_wp,3
nd_r_wp_v,1
r_wp_v_u,7
n_wp_p_a,4
wp_p_a_v,4
p_a_v_n,3
wp_wp_n_a,23
n_a_n_u,7
nt_wp_nh_nh,10
wp_nh_nh_a,4
nh_nh_a_d,1
v_n_c_d,12
n_c_d_v,26
v_wp_n_c,13
wp_n_c_n,12
r_wp_n_p,10
p_v_v_r,7
r_wp_v_nh,4
wp_v_nh_c,4
v_nh_c_wp,5
nh_c_wp_v,4
c_wp_v_n,1
n_n_u_v,11
n_u_v_wp,35
n_v_u_a,2
v_u_a_wp,3
u_a_wp_p,4
p_n_u_n,23
wp_c_d_r,6
c_d_r_v,3
wp_r_v_a,7
i_wp_n_d,7
wp_n_d_b,2
n_d_b_v,1
d_b_v_wp,1
b_v_wp_d,1
wp_c_n_m,3
c_n_m_q,1
n_m_q_wp,8
c_n_m_u,2
n_m_u_wp,2
m_u_wp_v,6
u_n_wp_b,4
n_wp_b_nh,1
wp_b_nh_n,1
b_nh_n_n,1
nh_n_n_wp,10
v_n_m_wp,2
n_m_wp_r,2
m_wp_r_p,1
r_p_v_u,5
wp_a_n_i,2
a_n_i_wp,2
n_i_wp_wp,2
i_wp_wp_v,6
wp_v_p_j,2
v_p_j_v,1
p_j_v_n,4
j_v_n_wp,14
r_wp_d_d,6
wp_d_d_wp,1
d_d_wp_p,2
d_wp_p_n,2
wp_p_n_p,4
p_n_p_n,5
wp_b_n_u,6
b_n_u_d,1
v_wp_c_d,13
nt_nt_wp_i,3
nt_wp_i_wp,8
i_wp_n_r,1
wp_n_r_nh,1
n_r_nh_u,1
r_nh_u_n,1
u_wp_j_a,1
wp_j_a_n,3
j_a_n_n,1
n_n_wp_b,3
n_wp_b_i,1
wp_b_i_wp,4
b_i_wp_c,2
i_wp_c_n,6
v_n_n_nh,3
n_n_nh_v,8
n_nh_v_v,7
v_wp_wp_h,1
wp_wp_h_n,1
wp_h_n_u,1
h_n_u_wp,2
n_v_nh_p,6
v_nh_p_v,6
nh_p_v_v,4
r_r_n_wp,3
d_v_nd_n,8
nd_n_v_r,2
d_v_d_d,3
v_d_d_wp,7
d_d_wp_n,3
n_v_p_v,24
wp_n_c_d,14
n_c_d_d,2
d_d_wp_c,2
d_wp_c_v,3
n_n_d_d,3
d_d_wp_r,2
d_wp_r_p,1
c_a_n_v,6
a_n_v_n,12
nh_v_wp_m,2
m_n_wp_nh,4
nt_wp_nh_nt,17
wp_nh_nt_wp,12
nh_nt_wp_nh,1
wp_nh_v_j,3
nh_v_j_i,1
v_j_i_wp,1
j_i_wp_v,3
i_wp_v_a,1
a_n_u_n,23
wp_wp_d_u,5
wp_d_u_u,1
d_u_u_wp,1
u_u_wp_n,4
wp_n_u_p,14
n_u_p_r,1
u_p_r_v,1
p_r_v_u,19
n_a_n_v,20
d_v_d_u,4
d_u_wp_v,3
r_d_d_a,4
d_d_a_n,1
d_a_n_wp,4
v_n_i_c,1
n_i_c_v,1
c_v_wp_nt,8
v_wp_nt_c,4
d_v_c_i,1
v_c_i_wp,1
c_i_wp_n,4
i_wp_n_v,16
p_v_n_n,9
n_n_n_v,17
n_c_d_wp,3
c_d_wp_v,1
d_wp_v_v,3
u_wp_nt_v,11
wp_nt_v_u,2
nt_v_u_n,1
v_v_wp_a,8
v_wp_a_d,4
d_v_v_c,3
v_wp_nt_r,4
wp_nt_r_r,1
nt_r_r_d,1
r_r_d_d,1
r_d_d_v,5
wp_d_d_r,2
d_d_r_q,1
d_r_q_u,1
r_q_u_wp,1
q_u_wp_wp,1
u_wp_r_u,3
wp_r_u_v,6
r_u_v_r,3
u_v_r_n,4
u_wp_r_nt,2
wp_r_nt_wp,1
r_nt_wp_n,1
nt_wp_n_r,1
wp_n_r_i,1
n_r_i_u,1
r_i_u_wp,3
i_u_wp_v,2
n_u_wp_nl,1
u_wp_nl_wp,1
wp_nl_wp_n,1
nl_wp_n_v,2
u_wp_j_d,2
j_d_v_n,4
n_v_a_d,1
wp_m_n_v,10
m_n_v_wp,6
nh_nh_v_v,4
nh_v_v_wp,19
r_d_v_n,13
v_n_u_nd,5
n_u_nd_u,2
u_nd_u_wp,2
nh_wp_n_b,2
wp_n_b_n,3
n_b_n_wp,1
c_n_n_wp,15
nh_v_n_p,10
v_n_p_nt,10
p_nt_wp_v,9
nt_wp_v_wp,6
wp_n_d_a,17
d_a_wp_d,13
n_n_wp_p,16
wp_c_n_a,7
c_n_a_wp,7
a_wp_v_p,17
v_n_u_v,26
u_v_wp_c,8
wp_n_a_wp,21
a_wp_n_c,4
v_n_u_a,5
n_u_a_wp,13
u_a_wp_v,7
a_wp_v_ns,1
ns_wp_n_v,2
v_n_p_a,12
n_p_a_n,9
c_d_v_d,4
v_d_n_u,4
d_n_u_n,5
n_u_n_c,5
v_n_v_c,6
n_v_c_n,7
n_wp_n_c,18
c_n_v_nh,1
v_nh_v_v,6
u_wp_wp_wp,6
n_v_n_p,37
d_v_d_v,24
r_n_u_n,10
u_nd_wp_v,4
nd_wp_v_p,3
v_p_v_v,20
n_d_a_u,10
wp_v_v_ns,2
v_v_ns_wp,1
v_ns_wp_v,4
ns_wp_v_u,2
wp_v_u_nd,1
v_u_nd_n,1
u_nd_n_wp,1
nd_n_wp_d,4
wp_d_d_i,2
d_d_i_wp,2
n_a_v_r,3
wp_r_p_nh,3
r_p_nh_p,1
p_nh_p_nd,1
p_nd_wp_a,1
a_v_v_r,2
wp_n_p_r,26
v_r_r_v,3
r_r_v_wp,2
v_r_v_nh,3
r_v_nh_u,3
v_nh_u_wp,9
nh_u_wp_b,1
u_wp_b_v,1
wp_b_v_r,1
b_v_r_n,1
p_nh_wp_a,2
nh_wp_a_a,2
wp_a_a_m,1
a_a_m_n,1
a_m_n_wp,1
wp_n_wp_m,3
n_wp_m_q,9
n_wp_r_r,12
wp_r_r_m,3
r_r_m_wp,1
r_m_wp_p,1
m_wp_p_v,2
p_v_p_ns,1
v_p_ns_wp,8
p_ns_wp_m,1
ns_wp_m_q,1
wp_m_q_n,3
m_q_n_wp,5
q_n_wp_nh,2
n_wp_nh_m,7
wp_nh_m_n,2
nh_m_n_wp,1
m_n_wp_d,9
wp_d_v_m,5
d_v_m_q,6
n_v_a_u,7
wp_p_n_v,26
p_n_v_v,12
v_wp_c_p,10
wp_c_p_n,12
c_p_n_v,7
wp_m_v_p,3
m_v_p_n,3
p_n_wp_c,28
wp_c_n_r,4
c_n_r_m,1
n_r_m_wp,1
r_m_wp_n,1
m_wp_n_v,3
v_wp_c_m,2
wp_c_m_a,1
c_m_a_n,1
m_a_n_wp,1
wp_n_u_r,3
n_u_r_n,1
u_r_n_wp,1
wp_a_a_wp,4
a_a_wp_n,1
a_wp_n_n,3
n_n_d_a,2
a_wp_c_c,1
c_c_v_v,2
v_u_v_n,10
n_wp_p_r,20
n_n_wp_d,28
wp_nh_d_wp,1
nh_d_wp_n,2
d_wp_n_n,2
n_n_wp_r,9
n_wp_r_d,18
wp_r_d_nh,1
r_d_nh_wp,1
d_nh_wp_a,2
d_p_a_u,1
wp_wp_r_wp,12
r_wp_c_r,6
wp_c_r_b,1
c_r_b_n,1
r_b_n_wp,2
b_n_wp_nt,1
n_wp_nt_d,4
nt_d_v_u,1
wp_n_v_b,4
n_v_b_wp,1
v_wp_c_b,1
wp_c_b_v,1
c_b_v_n,1
b_v_n_wp,3
wp_nh_wp_b,2
nh_wp_b_wp,1
wp_b_wp_n,1
b_wp_n_wp,1
n_v_u_v,12
p_a_v_wp,4
a_v_wp_b,1
v_wp_b_n,10
b_n_u_n,2
u_n_wp_r,14
wp_r_r_q,1
r_r_q_u,1
r_q_u_v,2
q_u_v_wp,2
n_u_n_v,33
u_n_v_wp,17
wp_wp_j_u,3
j_u_n_v,2
u_n_v_u,5
d_a_wp_r,9
a_wp_r_n,8
r_n_n_d,2
d_v_p_r,5
p_r_wp_n,15
n_u_n_m,3
u_n_m_n,2
n_m_n_wp,11
n_wp_d_n,8
wp_d_n_d,4
d_n_d_c,1
n_d_c_d,2
d_wp_n_d,3
n_wp_wp_nd,2
wp_wp_nd_wp,4
wp_nd_wp_nh,4
nd_wp_nh_d,1
nh_d_d_nh,1
d_d_nh_u,1
u_n_a_n,1
d_v_p_v,17
wp_v_d_r,1
v_d_r_a,1
d_r_a_n,1
r_a_n_k,1
n_k_wp_wp,1
k_wp_wp_v,1
n_d_d_p,1
d_p_v_r,3
r_wp_p_n,7
u_wp_c_n,18
c_n_a_n,1
n_wp_i_u,3
wp_i_u_u,1
i_u_u_v,1
wp_v_a_nd,1
v_a_nd_v,1
a_nd_v_wp,1
nd_v_wp_wp,7
u_wp_v_d,20
wp_r_a_r,1
r_a_r_a,1
a_r_a_wp,1
r_a_wp_wp,4
a_wp_wp_p,3
p_v_n_a,1
v_n_a_p,2
n_a_p_n,2
a_p_n_wp,16
wp_v_n_k,10
v_n_k_wp,12
n_k_wp_n,4
k_wp_n_p,2
wp_wp_a_a,3
a_a_wp_wp,4
a_wp_wp_c,2
wp_wp_c_d,8
c_d_v_p,9
n_wp_c_p,11
c_p_n_n,2
p_n_n_c,3
r_n_v_u,10
u_wp_n_m,2
wp_n_m_n,4
n_m_n_c,1
m_n_c_v,4
d_wp_wp_r,1
u_wp_wp_c,15
wp_wp_c_n,15
wp_c_n_i,1
c_n_i_wp,1
n_i_wp_n,8
wp_n_d_r,5
n_d_r_n,3
r_c_v_nd,1
c_v_nd_n,4
v_nd_n_wp,15
d_v_r_a,5
r_a_wp_c,3
n_n_v_u,8
v_wp_d_a,6
a_wp_wp_m,1
wp_m_n_d,5
m_n_d_v,6
wp_v_d_a,19
d_a_wp_n,14
n_d_v_b,2
d_v_b_wp,3
b_wp_n_d,1
d_a_wp_nt,1
a_wp_nt_u,1
r_v_r_u,6
wp_n_nh_nh,1
n_nh_nh_wp,1
nh_nh_wp_p,5
nh_wp_p_nh,4
wp_p_nh_nh,1
p_nh_nh_p,1
nh_nh_p_v,5
nh_p_v_wp,4
v_wp_v_m,9
r_wp_nt_wp,9
nt_wp_nh_i,2
wp_nh_i_wp,10
nh_i_wp_nh,2
wp_nh_n_n,13
c_a_wp_n,6
n_v_v_k,2
v_v_k_wp,6
k_wp_n_nz,1
wp_n_nz_u,1
n_nz_u_wp,1
nz_u_wp_v,1
p_ns_wp_v,3
ns_wp_v_v,1
v_v_c_nh,1
v_c_nh_v,5
v_wp_v_b,2
wp_v_b_n,3
v_b_n_n,1
b_n_n_wp,3
r_n_u_a,1
n_u_a_d,1
u_a_d_u,1
v_u_wp_m,7
u_wp_m_v,1
m_v_n_p,1
p_nt_wp_d,6
nt_wp_d_v,13
wp_n_c_v,33
n_wp_nh_d,19
wp_nd_wp_n,6
nd_wp_n_wp,3
u_wp_c_nh,6
wp_c_nh_v,10
nh_v_wp_nh,7
v_wp_nh_wp,20
wp_nh_wp_nh,33
nh_wp_nh_n,3
wp_nh_n_wp,26
wp_nh_wp_r,3
nh_wp_r_n,2
wp_wp_m_v,3
m_v_n_v,1
u_wp_j_u,2
j_u_n_n,2
n_d_d_n,1
d_n_wp_r,5
p_n_c_r,1
n_c_r_c,1
c_r_c_u,1
r_c_u_wp,1
c_u_wp_wp,2
c_n_n_v,4
d_v_v_m,3
v_v_m_n,5
m_n_wp_c,4
c_r_v_n,1
r_p_n_n,4
wp_wp_v_c,15
wp_v_c_nh,4
v_c_nh_p,2
c_nh_p_wp,3
nh_p_wp_n,1
v_v_n_d,4
n_c_n_nh,2
c_n_nh_wp,3
n_nh_wp_n,6
u_v_n_u,13
wp_nh_p_r,13
nh_p_r_v,4
p_r_v_r,3
r_wp_p_r,5
wp_p_r_d,4
p_r_d_v,4
v_r_u_n,2
r_u_n_wp,4
n_wp_nt_wp,15
nt_wp_n_n,6
nh_wp_v_nh,3
wp_v_nh_wp,17
n_wp_c_nl,2
wp_c_nl_wp,3
c_nl_wp_v,2
nl_wp_v_v,2
n_v_b_n,6
v_b_n_wp,9
b_n_wp_d,3
n_v_i_wp,9
v_i_wp_wp,1
n_p_r_wp,18
p_r_wp_j,1
r_wp_j_j,2
wp_j_j_v,5
j_j_v_i,2
j_v_i_wp,1
v_i_wp_n,6
a_n_u_v,5
n_u_v_v,10
wp_p_r_n,22
p_r_n_d,3
n_d_a_b,1
d_a_b_c,1
a_b_c_v,1
b_c_v_n,1
n_n_v_j,2
v_j_wp_j,3
j_wp_j_nh,1
wp_j_nh_v,3
j_nh_v_r,1
r_d_v_a,3
d_v_a_c,2
v_a_c_a,3
a_c_a_r,1
c_a_r_v,2
a_r_v_wp,3
v_wp_v_nt,2
v_nt_u_wp,2
nt_u_wp_wp,2
nh_i_wp_v,8
wp_wp_n_j,3
wp_n_j_v,3
n_j_v_n,1
p_d_v_v,6
c_d_v_nd,3
nd_n_wp_wp,1
n_wp_wp_r,7
v_wp_c_nt,1
nt_u_n_n,1
n_u_wp_i,4
u_wp_i_v,1
i_v_n_n,1
n_wp_p_j,4
wp_p_j_r,1
p_j_r_n,1
j_r_n_wp,2
wp_v_nt_n,3
v_nt_n_u,1
nt_n_u_wp,1
u_wp_n_c,15
c_v_v_p,6
c_n_v_p,4
u_wp_n_a,16
wp_p_nt_d,1
p_nt_d_p,1
nt_d_p_j,1
j_u_wp_wp,2
nh_nh_a_n,2
nh_a_n_v,2
r_n_u_v,10
wp_n_r_nt,1
n_r_nt_wp,1
r_nt_wp_wp,1
nt_wp_wp_nt,1
wp_wp_nt_n,21
wp_nt_n_n,9
nt_n_n_a,1
n_n_a_v,2
n_a_v_wp,7
a_wp_wp_a,1
wp_wp_j_a,1
wp_j_a_d,1
j_a_d_v,1
wp_c_d_i,2
c_d_i_wp,2
d_i_wp_wp,1
i_wp_wp_j,1
wp_j_n_u,8
j_n_u_wp,7
wp_nh_nh_nt,3
nh_nh_nt_wp,3
nh_nt_wp_n,7
nt_wp_n_d,9
a_u_wp_nh,6
nh_wp_nh_wp,21
wp_nh_wp_m,2
nh_wp_m_n,3
m_n_wp_a,3
wp_a_d_d,2
a_d_d_a,1
d_d_a_wp,10
d_a_wp_v,14
v_p_v_r,15
n_wp_d_a,7
wp_d_a_m,2
d_a_m_n,1
a_m_n_u,1
m_n_u_wp,11
v_n_a_u,3
u_wp_r_a,4
wp_r_a_c,2
r_a_c_v,3
v_v_v_k,1
k_wp_n_u,4
r_wp_v_n,34
v_v_r_q,1
v_r_q_wp,1
r_q_wp_nh,1
q_wp_nh_nh,1
r_wp_n_a,6
wp_n_a_d,5
n_a_d_v,6
r_v_a_c,1
a_c_n_d,1
c_n_d_a,1
a_wp_r_c,1
wp_r_c_n,2
r_c_n_r,1
c_n_r_u,1
n_r_u_wp,1
nt_wp_n_a,2
a_v_n_v,3
v_n_v_p,22
n_v_p_nd,2
v_p_nd_n,8
nd_n_wp_nh,2
n_wp_nh_nh,23
nh_nh_a_v,1
nh_a_v_wp,2
v_r_n_c,12
wp_nh_n_p,8
nh_n_p_p,2
n_p_p_v,1
p_p_v_n,3
n_u_nd_v,2
u_nd_v_wp,2
nd_v_wp_n,11
n_v_wp_i,7
v_wp_wp_nd,3
wp_wp_nd_ns,1
wp_nd_ns_ns,1
nd_ns_ns_n,1
ns_ns_n_v,1
ns_n_v_a,1
u_u_wp_nt,4
u_wp_nt_wp,21
n_d_wp_n,3
r_wp_n_wp,14
v_wp_nh_p,6
wp_nh_p_n,10
nh_p_n_ns,1
p_n_ns_u,1
n_ns_u_n,1
ns_u_n_wp,4
u_n_wp_a,14
nh_nh_v_n,3
d_v_n_a,4
c_v_a_wp,7
v_a_wp_m,1
a_wp_m_v,1
wp_v_wp_d,7
d_a_m_u,1
a_m_u_wp,1
m_u_wp_n,4
wp_wp_nh_nt,6
nh_nt_wp_v,4
nt_wp_v_b,2
wp_v_b_v,2
v_b_v_nt,1
b_v_nt_wp,1
u_wp_v_nh,5
wp_v_n_ns,1
v_n_ns_wp,1
n_ns_wp_v,1
ns_wp_v_b,1
wp_v_b_c,1
v_b_c_r,1
b_c_r_wp,1
c_r_wp_v,3
v_v_i_v,1
v_i_v_n,2
i_v_n_wp,1
n_wp_m_n,23
m_n_v_r,2
wp_i_v_v,3
i_v_v_v,2
n_p_nt_v,1
p_nt_v_wp,2
nt_v_wp_j,1
v_wp_j_wp,4
wp_j_wp_j,2
j_wp_j_u,2
wp_j_u_p,1
j_u_p_wp,1
u_p_wp_v,1
p_wp_v_v,3
p_n_u_d,4
n_u_d_a,3
u_d_a_wp,6
v_v_p_m,2
v_p_m_n,3
p_m_n_wp,3
m_n_wp_v,16
v_v_nd_wp,3
v_nd_wp_n,3
nd_wp_n_c,2
c_v_a_v,2
a_v_p_v,2
v_p_v_p,3
v_d_d_v,6
wp_n_c_k,1
n_c_k_d,1
c_k_d_v,1
k_d_v_r,1
wp_p_a_r,1
p_a_r_n,1
u_v_wp_d,8
r_v_v_i,1
v_i_wp_d,5
i_wp_d_d,2
u_wp_j_wp,4
j_wp_nh_d,1
wp_nh_d_n,1
nh_d_n_u,1
d_n_u_v,3
d_v_c_v,24
wp_n_r_m,3
n_r_m_u,3
r_m_u_wp,3
m_u_wp_c,1
wp_c_nh_p,2
c_nh_p_v,1
nh_p_v_r,2
p_v_r_v,5
wp_r_d_p,5
r_d_p_n,2
j_d_v_r,4
r_d_r_c,1
d_r_c_v,1
r_c_v_wp,7
wp_wp_j_v,7
wp_j_v_m,2
j_v_m_d,1
v_m_d_v,2
m_d_v_wp,3
wp_n_a_c,11
n_a_c_a,3
a_wp_j_i,1
wp_j_i_wp,1
r_wp_r_n,9
wp_r_n_c,7
r_n_c_d,3
n_c_n_wp,15
c_n_wp_c,3
a_wp_v_m,2
v_m_n_u,6
wp_j_wp_m,1
j_wp_m_v,1
wp_m_v_wp,9
m_v_wp_ns,2
v_wp_ns_wp,3
wp_ns_wp_a,1
ns_wp_a_n,1
a_n_wp_ns,2
n_wp_ns_wp,3
wp_ns_wp_j,1
ns_wp_j_j,1
wp_j_j_wp,1
j_j_wp_n,2
j_wp_n_u,1
wp_v_d_m,1
v_d_m_n,1
d_m_n_wp,2
m_n_wp_j,2
n_wp_j_u,6
j_u_n_wp,10
c_n_wp_d,6
p_v_v_u,9
u_wp_p_a,3
wp_p_a_p,1
p_a_p_r,1
a_p_r_wp,2
v_n_p_nh,12
n_p_nh_n,9
p_nh_n_wp,19
nh_n_wp_d,6
n_n_c_n,9
n_c_n_u,6
c_n_u_wp,10
u_a_wp_d,5
u_wp_c_a,6
wp_c_a_p,3
c_a_p_v,1
a_p_v_r,5
c_v_a_p,3
v_a_p_v,2
v_r_n_a,2
r_n_a_wp,5
d_v_nh_u,4
v_nh_u_a,1
nh_u_a_c,1
u_a_c_v,2
a_c_v_n,8
v_r_wp_j,7
r_wp_j_v,4
wp_j_v_nd,1
j_v_nd_wp,1
nd_wp_n_u,1
n_u_a_c,1
wp_v_wp_nh,11
nh_v_a_wp,4
r_wp_c_d,4
v_p_d_a,1
p_d_a_wp,1
a_wp_d_r,2
d_r_v_v,1
p_v_wp_nh,7
wp_wp_v_nh,9
wp_v_nh_nh,7
v_nh_nh_v,5
p_d_v_nt,1
d_v_nt_n,1
v_nt_n_v,1
nt_n_v_wp,5
wp_wp_j_r,3
wp_j_r_v,4
j_r_v_n,1
nh_n_wp_nh,15
wp_nh_a_v,6
a_v_wp_d,8
wp_r_n_a,7
r_n_a_v,2
wp_p_nt_u,2
p_nt_u_n,2
v_m_wp_c,2
m_wp_c_d,1
wp_d_v_k,1
d_v_k_wp,1
v_k_wp_r,2
k_wp_r_j,1
wp_r_j_wp,1
r_j_wp_nh,1
j_wp_nh_wp,8
nh_wp_v_u,4
wp_nh_v_nt,1
nh_v_nt_wp,2
v_nt_wp_i,1
wp_i_wp_j,1
i_wp_j_wp,1
j_wp_v_v,5
v_v_p_a,6
v_p_a_c,1
p_a_c_v,1
a_c_v_p,1
c_v_p_nt,2
wp_wp_c_c,1
wp_c_c_r,2
c_c_r_u,2
c_r_u_v,2
r_wp_v_d,5
v_wp_v_j,5
v_j_wp_wp,1
j_wp_wp_a,1
p_nh_nh_v,1
wp_n_p_nd,4
p_nd_wp_v,4
nd_wp_v_n,4
n_wp_a_k,3
wp_a_k_wp,1
a_k_wp_n,2
n_p_nd_n,5
p_nd_n_c,2
nd_n_c_n,2
c_n_wp_nd,3
n_wp_nd_n,8
wp_nd_n_wp,6
d_a_a_wp,2
a_a_wp_p,1
a_wp_p_v,3
p_v_p_v,6
r_wp_r_v,12
r_u_wp_p,1
u_wp_p_u,1
wp_p_u_n,2
p_u_n_wp,2
p_v_u_v,11
v_u_v_r,3
u_wp_a_n,9
c_v_wp_r,9
r_u_wp_n,8
wp_n_wp_p,9
n_wp_p_p,9
wp_p_p_r,5
p_p_r_n,2
r_v_d_n,1
a_c_v_r,2
n_n_p_n,10
n_p_n_a,2
n_a_wp_c,3
a_wp_c_p,2
r_v_r_d,2
v_r_d_a,2
r_d_a_wp,4
a_wp_r_p,3
r_p_r_d,1
p_r_d_i,1
r_d_i_wp,1
d_i_wp_c,1
i_wp_c_v,6
wp_c_v_ns,4
c_v_ns_wp,1
v_ns_wp_nt,2
ns_wp_nt_v,1
nt_v_v_a,1
v_a_wp_nt,4
a_wp_nt_v,1
nt_v_n_wp,6
v_wp_nt_v,7
wp_nt_v_j,1
nt_v_j_n,1
v_j_n_u,4
j_n_u_n,6
n_d_v_c,10
n_r_v_n,3
wp_nt_wp_u,1
nt_wp_u_n,1
wp_n_v_j,7
j_wp_j_wp,2
nh_wp_v_d,3
nh_d_v_p,1
p_nh_wp_nt,3
nh_wp_nt_nt,2
nt_nt_wp_n,14
v_v_wp_nt,10
v_wp_nt_n,11
n_wp_r_a,2
wp_r_a_n,6
r_a_n_u,3
v_u_wp_nt,25
nt_v_v_n,2
nh_v_nh_u,1
v_v_ns_u,1
v_ns_u_n,4
nh_v_ns_u,1
nh_v_v_n,9
n_r_r_v,1
nh_v_v_p,2
v_v_p_nd,6
u_n_m_wp,2
n_m_wp_n,3
wp_n_d_n,4
n_d_n_wp,12
wp_n_wp_b,2
wp_b_v_v,3
b_v_v_u,1
v_u_n_m,1
n_v_v_nd,3
v_v_nd_n,1
v_nd_n_a,1
nd_n_a_v,1
n_a_v_d,1
a_v_d_v,3
v_v_v_p,12
v_p_nd_wp,11
p_nd_wp_p,1
nd_wp_p_n,1
n_wp_r_u,2
r_u_v_k,1
u_v_k_v,1
v_k_v_m,1
k_v_m_u,1
v_m_u_wp,3
m_u_wp_d,1
wp_d_r_c,1
d_r_c_n,1
r_c_n_wp,1
wp_nh_nh_p,7
nh_nh_p_ns,1
nh_p_ns_wp,1
p_ns_wp_a,1
ns_wp_a_c,1
wp_a_c_nh,1
a_c_nh_v,1
n_u_n_p,12
u_n_p_ns,1
p_ns_wp_nh,2
ns_wp_nh_d,1
wp_v_v_nd,2
v_v_nd_v,1
c_v_r_nh,4
v_r_nh_wp,5
r_nh_wp_n,2
wp_wp_n_m,3
m_n_wp_i,2
wp_i_u_n,1
n_wp_d_u,3
wp_d_u_p,2
d_u_p_v,2
u_p_v_n,12
n_u_p_v,7
u_p_v_u,5
wp_nh_v_d,7
nh_v_d_u,1
v_d_u_n,1
d_u_n_wp,1
n_v_j_u,2
v_j_u_n,3
r_wp_nh_a,1
nh_a_v_a,1
a_v_a_n,3
r_wp_d_u,1
p_v_n_v,14
nt_n_p_v,1
wp_n_v_nd,4
n_v_nd_n,2
wp_d_v_nt,1
v_nt_wp_wp,2
nt_wp_wp_nd,1
wp_r_wp_d,2
r_wp_d_i,1
wp_d_i_v,1
d_i_v_wp,3
i_v_wp_r,2
v_wp_r_a,5
wp_r_a_d,2
r_a_d_a,1
a_d_a_wp,4
a_wp_a_a,2
wp_a_a_c,1
a_a_c_nd,1
a_c_nd_v,3
c_nd_v_wp,9
n_a_c_nd,1
nt_wp_n_p,18
n_v_wp_j,5
v_wp_j_n,13
j_n_wp_nh,4
nh_i_wp_nt,1
i_wp_nt_j,1
wp_nt_j_n,2
nt_j_n_d,2
j_n_d_wp,2
d_wp_nh_n,1
nh_n_p_wp,1
n_p_wp_v,2
p_wp_v_nh,2
v_v_c_d,4
c_d_v_r,22
n_v_n_k,1
v_n_k_v,5
n_k_v_p,3
k_v_p_n,1
p_r_wp_r,2
n_wp_a_r,3
wp_p_n_r,4
p_n_r_n,3
u_n_v_c,2
n_n_wp_wp,20
v_a_v_r,4
r_wp_d_p,5
wp_wp_m_q,1
wp_m_q_m,2
m_q_m_wp,1
q_m_wp_nh,1
m_wp_nh_nh,2
wp_nh_nh_i,2
nh_nh_i_wp,2
nh_n_v_r,5
wp_wp_nh_p,11
nh_p_r_wp,5
wp_v_n_nh,10
v_n_nh_n,2
n_nh_n_p,1
nh_n_p_n,6
n_v_n_r,2
v_n_r_c,2
n_r_c_v,2
d_p_r_u,3
p_r_u_wp,7
r_u_wp_v,5
wp_n_u_d,9
wp_nt_wp_v,19
n_v_c_d,7
d_v_n_d,3
nh_v_n_n,7
r_n_v_p,5
d_v_r_r,3
v_r_r_wp,5
r_r_wp_wp,7
n_a_c_v,6
a_c_v_wp,14
r_n_wp_nh,10
nh_n_wp_v,21
p_r_wp_c,6
c_r_v_v,2
v_v_a_n,12
v_a_n_d,3
wp_a_a_v,3
a_a_v_wp,5
wp_n_n_r,4
n_n_r_d,1
p_a_wp_r,3
r_r_wp_nh,1
r_wp_nh_p,2
wp_nh_p_v,12
nh_p_v_k,1
p_v_k_wp,1
v_k_wp_nh,1
k_wp_nh_c,1
wp_nh_c_nh,3
nh_c_nh_wp,2
c_nh_wp_nh,2
nh_wp_nh_r,2
wp_nh_r_d,3
nh_r_d_v,3
nh_d_v_v,8
n_wp_r_nd,3
wp_r_nd_u,1
r_nd_u_v,1
nd_u_v_wp,1
wp_nh_nh_wp,13
nh_nh_wp_v,7
n_wp_j_v,10
wp_j_v_v,7
j_v_v_p,2
c_n_n_n,2
wp_nd_n_n,3
nd_n_n_wp,1
u_n_wp_nd,1
n_wp_nd_wp,5
n_wp_c_m,2
wp_c_m_q,3
c_m_q_wp,2
q_wp_v_n,10
wp_v_a_p,4
v_a_p_n,5
a_p_n_c,1
p_n_c_v,12
wp_v_j_m,1
v_j_m_wp,1
j_m_wp_nh,1
m_wp_nh_n,1
n_wp_a_c,5
wp_a_c_v,7
wp_wp_c_j,2
wp_c_j_n,2
c_j_n_v,1
wp_wp_j_p,1
wp_j_p_d,1
j_p_d_n,1
p_d_n_u,2
wp_v_b_r,1
v_b_r_v,1
b_r_v_wp,2
v_u_n_u,18
wp_v_wp_u,1
v_wp_u_v,3
wp_u_v_n,4
r_n_a_u,3
v_n_c_p,2
c_p_r_u,1
r_wp_c_u,1
wp_c_u_n,1
c_u_n_u,1
v_wp_d_wp,1
wp_d_wp_wp,1
d_wp_wp_d,1
v_wp_a_v,10
p_a_wp_i,1
a_wp_i_wp,6
wp_i_wp_d,11
wp_a_c_nd,1
c_nd_v_v,3
nd_v_v_r,2
v_r_wp_a,8
wp_a_c_j,2
a_c_j_n,1
c_j_n_wp,1
j_n_wp_d,1
wp_n_p_j,7
n_p_j_n,4
p_j_n_wp,5
j_n_wp_v,4
r_wp_wp_c,6
c_n_v_wp,13
v_nd_n_u,2
nd_n_u_n,4
wp_d_p_wp,4
d_p_wp_n,1
p_wp_n_v,2
c_v_r_nd,2
r_nd_wp_n,2
nd_wp_n_d,4
n_d_a_c,1
d_a_c_v,2
nh_p_n_v,3
p_n_v_ns,1
n_v_ns_n,4
v_ns_n_v,1
ns_n_v_p,1
v_n_c_r,2
n_c_r_wp,6
c_r_wp_wp,3
wp_c_p_v,12
c_p_v_u,3
p_r_n_c,2
v_r_wp_i,5
i_wp_n_a,4
wp_v_r_c,4
n_v_p_q,1
v_p_q_c,1
p_q_c_v,1
q_c_v_wp,1
n_v_wp_m,4
wp_m_n_i,5
m_n_i_wp,5
n_v_nh_nh,4
n_p_nd_v,2
p_nd_v_wp,3
wp_v_a_nh,2
v_a_nh_v,2
a_nh_v_p,1
wp_nh_nh_d,2
nh_nh_d_p,1
nh_d_p_n,3
n_n_wp_nd,2
n_wp_nd_v,6
nd_v_v_n,3
wp_d_d_a,11
d_d_a_u,12
wp_r_wp_wp,3
p_nt_wp_c,4
nt_wp_c_v,4
v_n_c_nd,4
n_c_nd_v,4
c_nd_v_r,5
r_wp_v_m,1
v_m_n_n,2
m_n_n_u,1
wp_a_n_n,9
v_nh_wp_p,4
wp_p_n_b,1
p_n_b_n,1
n_b_n_v,2
b_n_v_wp,7
n_n_wp_nt,7
wp_nt_v_c,1
nt_v_c_nh,1
nh_p_wp_v,3
n_c_nh_p,1
v_wp_v_nh,9
wp_d_d_d,5
d_d_d_p,2
d_d_p_wp,3
d_p_wp_p,2
p_wp_p_r,1
d_v_v_r,17
wp_a_n_u,13
u_wp_v_nd,2
nd_n_p_nh,1
nh_wp_v_r,3
n_wp_j_b,1
wp_j_b_n,1
j_b_n_c,1
b_n_c_r,1
n_c_r_v,1
r_v_r_m,1
v_r_m_wp,1
r_m_wp_nh,1
m_wp_nh_d,1
nh_d_v_r,13
n_n_r_n,2
nh_v_r_m,1
v_r_m_q,5
r_m_q_wp,4
m_q_wp_c,4
q_wp_c_r,2
wp_c_r_n,6
c_r_n_u,5
r_n_u_u,1
nt_b_n_wp,1
b_n_wp_nh,4
wp_nh_v_m,4
nh_v_m_wp,1
m_wp_n_r,1
wp_n_r_wp,1
n_r_wp_d,1
p_n_wp_p,18
p_n_v_nh,2
nh_nh_v_p,4
n_d_d_d,2
d_d_d_v,3
m_n_u_n,8
r_wp_a_n,2
n_nh_v_n,6
wp_v_a_k,1
v_a_k_r,1
a_k_r_n,1
k_r_n_wp,1
wp_n_n_nh,6
r_v_wp_j,2
nh_p_r_a,1
p_r_a_wp,3
v_u_wp_nd,2
u_wp_nd_v,4
nd_v_v_wp,7
n_n_nh_a,1
n_nh_a_wp,2
nh_a_wp_r,2
a_wp_r_a,3
r_a_n_a,1
wp_n_d_c,3
n_d_c_v,3
wp_wp_nd_v,2
v_r_wp_nd,9
r_wp_nd_n,2
wp_nd_n_c,2
nd_n_c_v,1
n_v_n_m,2
v_n_m_n,3
wp_c_p_nd,2
c_p_nd_v,1
p_r_n_a,1
a_wp_v_wp,4
v_d_a_p,1
d_a_p_wp,1
a_p_wp_c,1
p_wp_c_wp,1
wp_c_wp_d,2
c_wp_d_v,2
d_p_n_wp,12
v_v_wp_i,4
u_n_v_r,5
nd_wp_v_r,4
v_r_n_p,14
r_n_p_j,1
p_j_n_u,2
n_u_n_nd,2
u_n_nd_wp,2
n_nd_wp_nh,1
wp_v_n_r,5
v_n_r_d,2
r_wp_wp_wp,1
wp_wp_wp_nd,1
nd_wp_nh_u,1
wp_nh_p_wp,3
nh_p_wp_nz,1
wp_nz_wp_n,2
nz_wp_n_u,3
wp_v_wp_nt,2
nt_n_wp_wp,2
n_wp_u_wp,7
wp_u_wp_n,3
wp_j_u_m,1
j_u_m_wp,1
u_m_wp_c,1
m_wp_c_v,1
m_q_wp_p,6
q_wp_p_nh,1
wp_p_nh_d,1
p_nh_d_v,1
v_wp_r_m,2
wp_r_m_v,2
r_m_v_n,2
n_wp_r_m,4
wp_n_nd_r,3
n_nd_r_nd,1
nd_r_nd_wp,1
r_nd_wp_v,2
v_n_v_m,2
v_m_wp_nt,1
m_wp_nt_v,1
wp_nt_v_m,1
nt_v_m_wp,1
m_wp_wp_nt,1
nt_n_wp_u,1
wp_wp_d_c,1
wp_d_c_d,1
d_c_d_v,2
v_a_n_p,4
a_n_p_v,5
p_v_wp_a,8
c_v_v_r,10
c_v_n_p,12
wp_p_m_p,1
p_m_p_n,1
m_p_n_wp,1
wp_c_v_nt,4
c_v_nt_d,1
v_nt_d_v,1
nt_d_v_wp,5
u_wp_wp_nz,1
wp_wp_nz_wp,3
nz_wp_wp_n,1
wp_a_wp_v,7
v_r_n_v,19
n_wp_wp_nz,1
wp_nz_wp_d,1
nz_wp_d_a,1
a_wp_v_d,6
r_v_n_nd,1
v_n_nd_u,1
n_nd_u_wp,2
nd_u_wp_n,2
wp_nh_u_wp,7
nh_u_wp_v,8
n_p_nh_v,2
p_nh_v_v,1
p_v_v_v,2
n_wp_u_nh,1
wp_u_nh_wp,2
u_nh_wp_nh,2
v_v_p_ns,3
ns_wp_n_d,1
wp_n_d_nh,2
n_d_nh_wp,4
d_nh_wp_v,3
p_ns_wp_b,1
ns_wp_b_i,1
b_i_wp_p,1
p_v_v_p,10
v_b_n_v,1
d_d_v_p,4
wp_wp_nh_u,7
wp_nh_u_v,8
nh_u_v_n,5
r_v_wp_p,9
k_wp_r_n,1
u_p_v_r,3
v_r_n_k,3
r_n_k_u,1
k_u_wp_nt,1
nt_n_v_n,4
a_wp_n_nt,2
wp_n_nt_wp,5
wp_v_d_p,10
d_v_r_i,1
v_r_i_wp,4
r_i_wp_v,2
wp_a_d_c,1
a_d_c_n,1
d_c_n_wp,3
p_r_u_v,1
r_u_v_wp,4
r_n_p_v,6
p_v_u_n,6
n_wp_wp_j,5
j_n_v_j,1
n_v_j_n,1
j_n_wp_n,5
a_n_v_r,4
wp_r_v_c,4
r_v_c_n,2
wp_v_u_p,7
v_u_p_n,5
u_p_n_wp,10
v_wp_p_c,1
wp_p_c_d,1
p_c_d_v,1
n_wp_c_i,1
wp_c_i_wp,3
c_i_wp_c,2
i_wp_c_r,1
wp_c_r_r,4
c_r_r_wp,4
wp_wp_c_nt,1
c_nt_wp_n,1
wp_wp_j_wp,3
wp_j_wp_r,1
j_wp_r_n,1
v_v_r_r,1
r_r_wp_nt,1
r_wp_nt_r,1
wp_nt_r_v,2
nt_r_v_k,1
r_v_k_wp,1
v_k_wp_nd,1
k_wp_nd_n,1
p_j_v_v,2
j_v_v_n,2
d_p_v_j,1
p_v_j_wp,2
v_j_wp_r,1
j_wp_r_d,1
wp_v_wp_c,4
n_d_v_p,15
v_p_n_d,4
p_n_d_v,8
a_v_v_wp,10
wp_j_v_n,14
j_v_n_v,1
wp_j_v_j,1
j_v_j_v,1
p_v_wp_j,2
j_d_v_v,5
p_n_wp_a,8
n_wp_a_u,12
wp_a_u_p,2
a_u_p_n,3
v_p_j_nh,1
p_j_nh_v,1
j_nh_v_v,1
nh_v_v_c,5
r_r_v_r,4
wp_a_u_v,4
a_u_v_u,5
wp_v_r_d,6
v_r_d_v,7
r_wp_j_u,1
v_c_v_b,1
c_v_b_wp,1
v_b_wp_v,1
b_wp_v_v,1
nd_n_c_nd,1
n_c_nd_n,1
c_nd_n_v,1
d_r_wp_v,2
wp_j_v_u,3
j_v_u_nd,1
u_nd_wp_nh,1
nh_v_wp_nd,1
wp_nd_v_nh,1
nd_v_nh_wp,1
wp_n_u_nd,2
u_nd_wp_n,2
n_v_wp_b,4
v_wp_b_a,2
wp_b_a_wp,1
b_a_wp_nh,1
a_wp_nh_r,1
wp_nh_r_wp,1
nh_r_wp_n,1
wp_n_wp_d,6
wp_d_n_u,3
u_wp_j_v,4
j_d_v_c,1
wp_d_a_n,7
d_a_n_u,5
j_v_m_n,1
n_c_v_j,1
c_v_j_v,1
j_v_wp_nh,2
nh_n_wp_m,1
m_n_wp_m,11
wp_m_n_j,1
m_n_j_j,1
n_j_j_j,1
j_j_j_wp,3
j_j_wp_nh,2
nh_n_wp_p,4
wp_p_r_m,1
p_r_m_q,1
r_m_q_m,1
m_q_m_n,1
q_m_n_wp,1
wp_a_n_m,1
a_n_m_wp,1
m_wp_r_n,1
wp_r_n_m,2
r_n_m_n,2
v_m_wp_v,4
m_wp_v_r,1
c_v_r_a,4
a_a_wp_ns,1
a_wp_ns_j,1
wp_ns_j_v,1
ns_j_v_r,1
j_v_r_wp,2
r_wp_nd_v,3
wp_nd_v_n,6
nd_v_n_wp,5
n_d_p_a,1
d_p_a_a,1
p_a_a_v,1
a_n_wp_c,8
n_p_v_u,7
wp_wp_a_v,5
wp_a_v_n,12
n_p_r_u,2
p_r_u_d,1
r_u_d_v,2
wp_d_a_r,1
d_a_r_n,1
r_n_wp_j,3
j_v_v_wp,4
nh_v_r_n,16
p_n_n_n,4
nh_nh_v_r,3
nt_wp_v_p,11
r_v_wp_d,7
d_v_c_n,5
c_v_r_m,1
m_r_wp_v,1
r_wp_nd_c,2
wp_nd_c_p,1
nd_c_p_v,1
n_wp_nt_nt,11
v_wp_d_n,5
wp_d_n_wp,3
d_n_wp_n,9
p_n_c_ns,1
n_c_ns_v,2
c_ns_v_wp,1
ns_v_wp_p,1
v_p_a_v,3
p_a_v_u,1
a_v_u_n,4
d_n_d_v,2
u_n_n_p,1
n_n_p_a,2
d_n_wp_nh,2
r_n_n_wp,12
b_n_v_j,1
v_j_u_wp,2
wp_wp_a_wp,5
v_p_v_nh,5
p_v_nh_v,2
v_nh_v_u,5
wp_c_p_r,7
wp_v_wp_j,4
v_wp_j_v,6
j_v_u_wp,2
wp_u_wp_a,1
v_a_wp_c,6
nt_n_v_r,4
v_r_n_nh,3
r_n_nh_v,4
n_wp_c_nh,3
c_nh_v_u,2
nh_v_u_v,1
a_a_v_v,2
wp_c_nh_n,3
nh_n_v_i,2
wp_d_v_i,2
d_v_i_wp,2
wp_p_v_d,5
p_v_d_v,7
wp_r_v_j,1
r_v_j_r,1
v_j_r_a,1
j_r_a_u,2
m_q_m_v,1
q_m_v_wp,1
m_v_wp_r,2
r_r_v_d,2
r_v_d_u,1
r_n_p_n,13
p_n_wp_nt,6
n_wp_nt_r,2
wp_nt_r_n,10
nt_r_n_u,1
u_wp_r_n,17
wp_nh_a_n,9
nh_a_n_wp,5
n_wp_a_p,9
wp_a_p_ns,1
a_p_ns_wp,1
ns_wp_v_a,1
wp_v_a_a,5
v_a_a_v,2
a_a_v_u,1
u_n_wp_i,3
n_wp_i_nd,1
wp_i_nd_v,1
i_nd_v_wp,1
wp_c_r_a,2
c_r_a_wp,1
r_a_wp_nh,1
wp_nh_i_c,2
nh_i_c_v,2
v_nh_v_p,2
u_wp_nt_nd,1
nt_nd_n_d,2
d_v_p_nt,4
u_wp_nh_nt,1
r_v_n_p,2
wp_nt_d_d,3
nt_d_d_u,1
d_u_wp_nt,2
u_v_v_n,4
u_wp_d_d,13
v_d_a_u,9
d_a_u_p,1
p_v_r_p,1
v_r_p_wp,1
r_p_wp_a,1
p_wp_a_v,1
p_v_r_a,2
v_r_d_d,1
r_d_d_wp,1
a_wp_v_u,2
v_u_p_v,2
u_p_v_wp,1
p_a_wp_d,5
v_u_v_v,3
d_v_p_nd,4
nh_n_wp_wp,2
m_n_wp_wp,9
n_wp_wp_m,2
m_v_u_v,1
i_wp_d_p,1
wp_i_wp_r,2
i_wp_r_v,2
v_c_v_p,6
n_wp_nh_r,5
wp_nh_r_v,8
wp_r_r_r,1
r_r_r_v,1
wp_c_n_u,11
c_n_u_n,10
d_wp_d_v,8
c_n_wp_r,3
v_wp_nh_r,2
nh_r_n_u,2
u_n_n_u,3
v_d_v_m,1
d_v_m_v,2
v_m_v_wp,2
m_v_wp_nt,2
nt_n_v_v,3
v_n_nh_v,5
nh_p_v_n,6
v_v_c_nd,3
v_c_nd_v,5
c_nd_v_n,4
nt_n_n_v,2
a_n_v_a,3
p_d_v_n,2
c_v_p_ns,1
v_p_ns_u,1
p_ns_u_wp,2
ns_u_wp_wp,2
u_wp_wp_b,4
b_v_v_r,1
d_v_j_v,1
v_j_v_n,2
p_v_n_d,4
n_d_v_nd,4
v_wp_p_p,1
p_p_r_v,2
wp_v_p_nd,4
nd_n_wp_nd,3
b_n_u_wp,3
d_v_wp_b,4
wp_b_n_c,1
b_n_c_n,2
c_n_wp_p,3
p_n_r_v,1
n_d_p_b,1
d_p_b_r,1
p_b_r_v,1
wp_wp_n_ns,1
wp_n_ns_wp,1
n_ns_wp_d,1
d_d_r_v,2
wp_wp_b_r,1
wp_b_r_v,3
b_r_v_u,2
nt_n_wp_nh,5
n_u_wp_u,2
u_wp_u_nh,1
nh_wp_nh_j,1
nh_j_wp_v,2
j_wp_v_j,1
wp_v_j_p,2
j_p_nh_p,1
p_nh_p_n,2
nh_wp_p_r,2
r_n_v_a,5
v_n_a_n,8
v_v_n_k,4
v_d_v_a,2
v_wp_v_i,1
wp_v_i_wp,4
i_wp_nh_m,1
nh_m_n_d,1
d_v_r_d,6
n_v_c_j,1
v_c_j_d,1
c_j_d_wp,1
j_d_wp_j,1
d_wp_j_d,1
wp_j_d_d,1
j_d_d_v,1
d_d_v_n,11
nh_v_r_v,5
wp_wp_p_r,9
wp_p_r_c,1
r_c_d_wp,1
c_d_wp_u,1
d_wp_u_p,1
n_v_c_wp,1
v_c_wp_wp,2
c_wp_wp_v,1
n_wp_c_c,3
wp_c_c_n,1
c_c_n_u,1
c_n_u_v,5
n_d_d_r,1
d_d_r_wp,1
d_r_wp_n,5
u_wp_nt_nt,3
wp_i_wp_a,5
i_wp_a_u,3
u_wp_nh_n,15
wp_nh_n_nh,4
nh_n_nh_v,2
n_nh_v_p,3
nh_v_p_nt,3
i_wp_v_r,4
c_a_p_n,4
p_n_v_c,4
u_wp_m_n,7
m_r_wp_m,1
r_wp_m_n,3
m_v_wp_v,4
a_n_d_p,2
n_d_p_n,6
nh_nt_wp_c,2
nt_wp_c_d,1
wp_c_d_a,4
c_d_a_wp,7
a_v_r_u,1
wp_v_wp_r,7
v_wp_r_q,2
wp_r_q_p,1
r_q_p_n,2
q_p_n_wp,2
n_p_n_nd,4
p_n_nd_wp,15
n_r_v_v,3
u_wp_p_nh,3
wp_p_nh_n,4
p_nh_n_p,3
wp_m_n_m,2
m_n_m_n,1
m_n_wp_r,5
n_p_a_u,1
v_n_nh_c,3
n_nh_c_wp,2
c_wp_v_wp,2
nh_n_wp_r,2
v_wp_nt_u,3
u_nd_wp_r,2
nd_wp_r_b,1
wp_r_b_n,1
wp_nh_u_nd,1
nh_u_nd_wp,2
m_q_wp_nd,1
q_wp_nd_u,1
wp_nd_u_p,2
nd_u_p_n,1
u_p_n_nd,1
n_nd_wp_nd,1
nd_wp_nd_u,1
nd_u_p_d,1
u_p_d_n,1
d_n_u_wp,3
c_nh_n_n,1
wp_b_n_n,3
v_i_wp_nt,1
i_wp_nt_v,1
nt_v_n_v,1
v_wp_b_nh,1
wp_b_nh_v,2
b_nh_v_n,1
u_wp_nh_nh,2
n_v_wp_u,1
v_wp_u_p,2
wp_u_p_v,9
wp_u_n_wp,3
p_n_wp_u,1
p_v_r_u,3
r_u_wp_c,2
u_wp_c_p,11
c_p_v_n,6
nt_n_n_n,2
v_n_wp_i,14
wp_i_wp_c,6
wp_c_p_m,2
c_p_m_n,2
p_m_n_u,4
wp_v_c_n,8
v_c_n_p,3
c_n_p_v,4
n_v_nh_u,2
v_r_d_n,4
r_d_n_n,3
d_n_n_v,4
r_d_v_d,2
d_n_u_a,3
v_n_v_ns,3
n_v_ns_wp,2
ns_wp_v_r,1
d_v_p_j,4
v_p_j_wp,4
p_j_wp_v,2
j_wp_v_p,3
r_n_d_nh,1
n_p_j_wp,4
p_j_wp_n,6
j_wp_n_d,2
wp_p_nt_m,1
p_nt_m_n,1
nt_m_n_u,1
u_v_r_v,1
r_v_wp_a,2
wp_a_p_r,4
a_p_r_m,1
p_r_m_n,2
r_m_n_wp,5
wp_nt_n_c,1
nt_n_c_v,1
v_ns_wp_p,1
ns_wp_p_n,3
wp_p_n_j,1
p_n_j_u,1
n_j_u_n,2
u_wp_r_j,2
wp_r_j_u,1
r_j_u_v,1
j_u_v_wp,3
a_v_v_u,1
d_i_wp_n,4
i_wp_n_c,2
v_n_n_c,7
n_c_v_p,7
c_v_p_j,1
p_j_wp_p,1
wp_n_nh_n,7
n_nh_n_c,1
wp_nt_v_a,2
nt_v_a_n,1
n_r_d_a,1
v_wp_c_nh,4
c_nh_n_p,1
c_n_p_n,5
v_wp_r_u,3
wp_r_u_wp,1
v_j_wp_nh,5
j_wp_nh_v,5
n_wp_c_nt,4
c_nt_wp_d,2
nt_n_n_wp,4
p_n_n_nh,2
wp_r_p_nt,2
r_p_nt_v,1
nt_v_wp_wp,2
j_wp_v_a,2
a_u_wp_j,2
u_wp_j_j,2
wp_j_j_a,1
j_j_a_wp,1
wp_v_j_n,9
j_n_wp_p,3
j_a_v_r,1
r_wp_r_a,2
a_n_wp_r,5
wp_u_v_wp,1
d_v_wp_k,1
v_wp_k_wp,1
wp_k_wp_r,1
k_wp_r_d,2
wp_r_d_wp,8
r_d_wp_wp,7
d_wp_wp_p,5
c_p_v_v,2
wp_v_m_c,1
v_m_c_d,1
m_c_d_wp,1
c_d_wp_m,1
d_wp_m_v,1
p_n_wp_m,6
n_d_p_v,7
d_p_v_c,1
p_v_c_r,1
v_c_r_wp,5
n_u_p_n,4
wp_p_j_n,1
d_d_v_j,1
d_v_j_wp,2
j_wp_j_n,1
r_wp_v_j,3
wp_v_j_c,3
q_u_wp_j,2
wp_j_v_c,2
j_v_c_nh,1
c_nh_v_n,3
v_a_n_k,3
a_n_k_n,2
n_k_n_wp,3
k_n_wp_a,1
wp_a_p_a,1
a_p_a_v,1
a_v_wp_c,2
c_c_v_r,3
v_n_wp_b,13
wp_wp_a_c,4
a_c_j_wp,1
c_j_wp_d,1
j_wp_d_v,4
v_r_a_u,4
v_n_c_u,1
n_c_u_wp,2
r_wp_n_r,2
n_r_v_m,1
r_v_m_n,4
wp_a_r_v,1
nt_u_wp_c,1
r_a_u_v,3
a_u_v_wp,6
wp_a_v_nt,2
a_v_nt_nl,1
v_nt_nl_wp,1
nt_nl_wp_nt,1
nl_wp_nt_v,1
wp_nt_v_r,6
nt_v_r_wp,5
n_wp_r_c,1
wp_r_c_k,1
r_c_k_d,1
c_k_d_u,1
k_d_u_n,1
d_u_n_d,1
u_n_d_u,1
v_nd_wp_v,3
v_n_u_m,1
n_u_m_q,1
u_m_q_n,1
v_n_n_p,7
wp_j_n_p,3
j_n_p_n,2
wp_r_n_nh,5
v_d_v_d,2
c_v_wp_nd,3
v_wp_nd_u,2
wp_nd_u_n,4
nd_u_n_c,2
c_v_v_a,3
v_v_a_u,7
v_a_u_n,4
n_v_r_a,2
v_r_a_v,2
r_a_v_wp,4
v_p_p_v,4
v_n_v_d,2
r_wp_p_a,1
p_a_v_p,1
v_p_a_a,2
p_a_a_n,1
v_u_n_nt,1
u_n_nt_wp,1
n_nt_wp_c,2
nt_wp_c_n,1
u_wp_nt_i,3
wp_nt_i_wp,6
nt_i_wp_nh,3
i_wp_nh_d,2
n_v_wp_a,6
v_wp_a_wp,4
wp_a_wp_nh,3
a_wp_nh_a,1
nh_a_u_n,1
a_u_n_i,1
u_n_i_wp,1
n_i_wp_nh,3
n_v_n_nh,3
n_nh_c_d,1
r_p_r_v,5
p_v_n_c,3
nh_n_n_v,7
p_n_a_a,1
n_a_a_wp,2
a_a_wp_c,2
v_p_v_a,4
r_n_v_nh,1
r_n_nh_u,3
n_nh_u_n,6
v_n_v_nh,8
n_v_nh_n,5
nh_n_wp_c,4
wp_c_nt_v,2
c_nt_v_r,1
nt_v_r_n,3
r_p_n_d,1
r_v_a_d,1
v_a_d_a,3
a_d_a_u,2
d_a_wp_u,2
a_wp_u_nh,1
wp_u_nh_a,1
u_nh_a_u,1
c_n_n_p,3
n_p_n_nh,3
a_u_v_p,1
u_v_p_v,1
p_v_wp_r,4
wp_r_q_u,2
q_u_v_v,1
u_v_v_wp,7
n_v_wp_nt,9
p_n_wp_j,5
n_wp_j_n,5
v_u_a_u,1
j_n_v_p,2
wp_wp_wp_v,5
wp_nh_p_b,1
nh_p_b_wp,1
p_b_wp_n,1
b_wp_n_n,1
wp_n_nh_wp,7
n_nh_wp_wp,1
nh_wp_wp_n,1
d_a_wp_p,3
p_v_p_d,2
nt_d_d_v,2
v_d_a_v,2
d_a_v_v,1
a_v_v_p,2
r_n_u_m,1
n_u_m_wp,1
u_m_wp_p,1
nh_v_a_n,3
v_n_k_p,1
n_k_p_r,1
k_p_r_wp,1
wp_c_r_d,5
c_r_d_v,3
r_v_nh_wp,1
nh_wp_n_u,11
p_nt_wp_r,2
nt_wp_r_n,2
r_n_nh_n,1
n_nh_n_r,1
nh_n_r_wp,3
n_r_wp_p,1
wp_p_v_nt,1
p_v_nt_c,1
v_nt_c_v,1
nt_c_v_n,1
wp_v_wp_m,2
wp_m_n_r,1
m_n_r_v,1
n_r_v_d,1
r_v_d_wp,1
v_d_wp_c,2
d_wp_c_r,1
c_r_n_v,1
wp_m_n_c,5
p_v_m_q,2
q_wp_wp_r,1
d_d_v_r,3
n_v_nh_k,1
v_nh_k_wp,1
nh_k_wp_c,1
k_wp_c_d,1
v_wp_r_nd,2
wp_r_nd_d,1
nd_d_v_v,1
wp_wp_nt_r,10
wp_nt_r_d,4
nt_r_d_p,1
r_d_p_nh,2
d_p_nh_u,1
p_nh_u_wp,5
nh_u_wp_r,3
u_wp_r_c,3
wp_r_c_v,2
r_c_v_v,1
v_r_v_p,3
v_n_u_c,2
n_u_c_n,1
u_c_n_u,2
wp_wp_c_nh,1
c_nh_p_ns,1
nh_p_ns_v,2
p_ns_v_n,3
ns_v_n_nh,1
v_n_nh_wp,4
n_nh_wp_nh,5
v_v_u_r,1
v_u_r_wp,4
u_r_wp_n,1
v_v_a_v,1
n_wp_nt_a,4
wp_nt_a_wp,5
nt_a_wp_n,3
v_u_n_v,8
wp_wp_r_u,2
r_u_v_n,1
wp_p_r_wp,7
d_wp_p_v,2
p_v_a_d,1
v_a_d_wp,1
a_d_wp_nh,2
nh_v_d_d,1
c_a_n_n,3
r_a_d_d,1
a_d_d_v,2
wp_r_v_m,2
wp_n_wp_j,6
n_wp_j_wp,8
wp_j_wp_n,3
j_wp_n_wp,5
a_n_n_n,6
u_v_v_v,2
wp_wp_v_q,1
wp_v_q_wp,1
v_q_wp_r,1
q_wp_r_v,1
n_u_n_nh,4
u_n_nh_d,1
n_nh_d_r,1
nh_d_r_wp,1
d_r_wp_wp,4
wp_n_p_d,4
n_p_d_v,5
r_wp_wp_r,1
r_p_n_c,1
p_n_c_n,4
c_n_nh_c,1
n_nh_c_n,1
nh_c_n_u,2
n_n_d_q,1
n_d_q_wp,1
d_q_wp_wp,1
q_wp_wp_n,3
j_n_v_n,3
v_r_v_q,1
r_v_q_wp,1
v_q_wp_j,2
q_wp_j_n,1
n_u_n_d,7
u_n_d_a,3
d_a_wp_i,2
v_n_p_wp,2
n_p_wp_nz,1
wp_wp_nt_d,5
wp_v_wp_ns,2
wp_ns_wp_wp,2
ns_wp_wp_v,3
wp_u_wp_p,2
u_wp_p_wp,5
wp_p_wp_wp,2
p_wp_wp_v,2
p_v_n_j,1
v_n_j_wp,4
n_j_wp_n,5
i_wp_d_r,2
wp_wp_d_a,7
d_a_u_v,2
u_wp_j_b,1
wp_j_b_u,1
j_b_u_wp,1
b_u_wp_d,1
a_wp_c_r,2
wp_c_r_wp,1
c_r_wp_n,2
wp_n_j_r,1
n_j_r_v,1
j_r_v_wp,1
v_wp_v_h,1
wp_v_h_n,1
v_h_n_u,1
n_u_wp_m,3
n_r_v_r,2
nh_n_u_wp,5
v_wp_a_a,3
wp_a_a_k,1
a_a_k_v,1
a_k_v_wp,1
k_v_wp_n,1
n_wp_n_i,1
wp_n_i_wp,7
n_i_wp_p,1
p_v_p_wp,1
p_wp_c_r,1
wp_c_r_u,1
wp_r_p_u,1
r_p_u_n,1
n_wp_nh_nt,1
wp_c_nh_u,1
c_nh_u_wp,1
nh_u_wp_d,2
v_n_d_n,4
wp_c_v_d,4
c_v_d_v,3
v_u_n_c,4
v_a_p_r,1
a_p_r_n,3
wp_c_v_c,6
c_v_c_r,1
wp_a_u_d,2
a_u_d_v,3
u_d_v_v,1
wp_i_wp_wp,2
i_wp_wp_r,1
n_v_u_u,4
wp_nh_nh_n,9
nh_nh_n_nh,1
nh_n_nh_wp,2
n_nh_wp_v,8
n_n_wp_m,3
m_q_n_v,3
q_n_v_wp,3
wp_nt_v_wp,12
nt_v_wp_n,6
u_v_n_n,1
v_wp_nt_nt,5
c_v_v_v,5
v_v_u_p,2
v_u_p_nt,1
u_p_nt_wp,1
n_v_v_nh,5
v_v_nh_n,2
v_nh_n_n,1
v_nh_n_v,4
wp_n_n_i,1
n_n_i_wp,2
v_j_d_nh,1
j_d_nh_p,1
d_nh_p_i,1
nh_p_i_wp,1
p_i_wp_d,3
nh_v_n_a,3
wp_d_u_wp,5
d_u_wp_r,1
r_d_d_r,1
p_n_a_v,1
wp_nt_wp_d,5
j_wp_n_i,1
n_i_wp_nt,2
i_wp_nt_n,1
nt_n_wp_a,1
c_v_n_a,1
wp_v_wp_p,3
n_n_v_d,1
wp_n_nh_r,1
n_nh_r_wp,2
nh_r_wp_r,1
r_v_u_d,1
u_d_v_r,1
r_v_n_r,1
v_n_r_wp,4
n_r_wp_n,4
wp_a_d_a,3
a_wp_wp_nh,3
wp_nh_u_p,2
nh_u_p_v,2
i_wp_a_n,3
wp_v_c_r,1
v_c_r_i,1
c_r_i_wp,1
r_i_wp_nh,1
p_n_u_c,1
n_u_c_v,2
u_c_v_r,2
r_wp_nt_m,1
wp_nt_m_n,6
nt_m_n_nt,1
m_n_nt_wp,1
n_nt_wp_v,3
wp_m_q_wp,12
c_d_v_b,1
v_b_wp_a,1
b_wp_a_p,1
v_p_v_c,1
p_v_c_v,4
v_wp_v_nz,1
wp_v_nz_p,1
v_nz_p_nh,1
nz_p_nh_n,1
wp_b_v_n,2
b_v_n_u,1
v_r_wp_b,4
r_wp_b_r,2
b_r_v_n,1
wp_wp_nh_r,9
r_wp_nt_p,1
p_wp_c_nh,2
a_wp_c_nd,1
wp_c_nd_nh,3
c_nd_nh_nh,2
nd_nh_nh_v,2
nh_v_wp_p,3
n_v_r_p,3
a_wp_v_j,1
v_j_p_n,1
j_p_n_wp,1
r_wp_c_nh,1
wp_c_nh_d,1
c_nh_d_a,1
nh_d_a_wp,2
a_wp_c_nh,1
n_v_n_d,3
v_n_d_i,1
n_d_i_v,1
i_v_wp_n,1
n_n_d_u,1
n_wp_nt_nh,4
nh_v_j_wp,2
v_j_wp_v,8
j_wp_v_n,10
n_v_ns_u,1
ns_u_n_p,1
u_n_p_v,6
nh_v_m_b,1
v_m_b_n,1
m_b_n_wp,1
n_n_n_p,6
p_nh_wp_p,4
nh_wp_p_v,3
wp_v_n_nl,1
v_n_nl_n,1
n_nl_n_p,1
nl_n_p_m,1
n_p_m_wp,2
p_m_wp_nh,1
m_wp_nh_v,1
v_n_p_j,2
n_p_j_v,3
n_wp_j_j,6
wp_j_j_j,4
j_wp_nh_nh,4
nh_nh_n_v,5
v_v_p_nt,4
r_p_nt_p,1
p_nt_p_n,1
nt_p_n_wp,1
wp_r_nd_n,1
r_nd_n_u,1
u_wp_r_r,5
r_r_n_v,1
v_wp_nh_u,6
wp_p_n_nh,5
p_n_nh_wp,8
n_nh_wp_d,2
nh_wp_d_r,1
d_v_n_c,8
n_c_p_p,1
c_p_p_v,2
p_p_v_r,2
wp_v_p_ns,3
ns_wp_n_nh,1
n_nh_v_r,3
v_v_r_i,1
v_ns_wp_r,1
ns_wp_r_u,1
n_n_r_wp,3
n_r_wp_r,1
r_wp_r_p,1
wp_v_b_wp,1
v_b_wp_d,1
b_wp_d_v,1
c_v_r_r,1
r_v_r_i,2
r_i_wp_wp,2
i_wp_wp_n,2
v_r_p_d,2
r_p_d_wp,1
p_d_wp_p,1
v_a_n_c,1
a_n_c_a,1
n_c_a_v,1
c_a_v_nh,1
a_v_nh_wp,1
c_nh_v_a,1
n_r_n_r,3
r_n_r_wp,3
n_r_wp_wp,7
n_p_v_p,7
p_v_p_j,1
nt_wp_nh_d,5
wp_v_m_nt,1
v_m_nt_c,1
m_nt_c_v,1
u_wp_c_j,1
wp_c_j_u,1
c_j_u_v,1
j_u_v_u,3
nt_n_v_c,1
v_c_n_nh,2
c_v_nh_u,2
nh_u_wp_n,5
wp_n_p_m,3
n_p_m_q,2
p_m_q_wp,6
q_wp_c_v,2
nt_wp_n_m,1
wp_n_m_c,1
n_m_c_n,1
m_c_n_wp,1
n_wp_c_nd,3
q_wp_wp_v,1
i_wp_d_wp,2
wp_d_wp_nt,1
d_wp_nt_wp,2
wp_wp_b_p,1
wp_b_p_n,1
b_p_n_n,1
p_n_c_u,1
c_u_wp_n,2
v_u_wp_b,1
u_wp_b_nh,1
b_nh_v_c,1
nh_v_c_a,1
c_a_wp_v,3
v_nd_v_v,1
b_v_n_n,1
wp_nt_n_u,2
nt_n_u_n,2
wp_wp_d_d,5
n_a_n_n,5
m_v_v_n,1
wp_c_n_nh,2
c_n_nh_n,1
n_nh_n_wp,8
v_n_wp_nd,4
v_r_nd_v,1
r_nd_v_wp,1
p_v_v_c,2
v_nh_nh_p,2
wp_nt_wp_i,4
i_wp_n_n,4
wp_p_d_d,2
p_d_d_v,3
v_wp_wp_u,1
wp_wp_u_v,1
v_n_r_v,2
wp_nt_r_q,1
nt_r_q_p,1
q_p_n_u,1
nh_wp_nh_a,3
nh_a_v_r,1
n_p_m_n,2
n_r_p_v,1
wp_n_nd_a,2
n_nd_a_wp,1
nd_a_wp_a,1
a_wp_a_p,3
wp_a_p_nh,1
a_p_nh_wp,1
wp_nh_c_a,2
nh_c_a_u,1
a_u_wp_nt,5
v_v_nh_nh,1
wp_nh_wp_wp,4
nh_wp_wp_d,1
c_v_nh_wp,4
wp_c_d_d,3
c_d_d_v,1
wp_wp_r_c,2
wp_r_c_d,1
r_c_d_v,2
nh_wp_nh_u,9
nh_u_v_wp,2
wp_v_j_v,4
v_j_v_p,1
j_v_p_n,2
n_n_u_nd,3
u_nd_wp_m,1
nd_wp_m_n,2
nh_u_wp_wp,4
wp_r_a_u,3
wp_wp_wp_c,1
n_v_r_c,3
v_r_c_nd,1
r_c_nd_v,2
nd_v_wp_b,1
b_n_n_a,1
n_n_a_p,2
n_a_p_a,1
a_p_a_n,1
r_wp_nt_nt,3
d_v_r_nh,1
v_p_r_u,4
p_r_u_n,3
wp_n_nh_d,4
n_nh_d_v,4
r_wp_c_p,4
c_p_r_n,5
p_r_n_p,4
r_n_p_wp,1
p_wp_v_n,3
n_wp_n_j,3
wp_n_j_wp,3
n_j_wp_nh,2
j_wp_nh_a,1
nh_a_wp_c,1
a_wp_c_d,3
u_v_n_k,1
n_k_wp_a,2
k_wp_a_v,2
wp_a_v_u,4
n_u_n_i,1
u_n_i_k,1
n_i_k_wp,1
i_k_wp_a,2
k_wp_a_p,2
n_wp_wp_b,2
wp_wp_b_c,1
wp_b_c_n,1
b_c_n_v,2
i_wp_n_p,4
a_wp_nt_nt,1
wp_nh_p_a,3
nh_p_a_wp,4
u_v_d_u,1
nh_i_wp_c,1
v_j_d_i,1
d_i_wp_nt,1
i_wp_nt_wp,1
wp_n_wp_ns,3
n_wp_ns_a,1
wp_ns_a_wp,1
ns_a_wp_nt,1
a_wp_nt_j,1
wp_nt_j_v,1
nt_j_v_wp,1
j_v_wp_v,3
v_wp_v_ns,2
wp_v_ns_v,2
v_ns_v_wp,1
ns_v_wp_nh,3
n_n_d_p,2
wp_n_d_m,2
n_d_m_m,1
d_m_m_wp,1
m_m_wp_m,1
m_wp_m_m,1
wp_m_m_d,1
m_m_d_v,1
p_d_d_a,1
v_r_wp_m,2
m_n_c_n,1
n_c_n_d,2
u_n_d_p,2
d_p_v_a,3
p_v_a_n,5
wp_wp_b_u,1
wp_b_u_wp,5
b_u_wp_wp,4
a_v_u_p,1
nd_wp_r_p,1
wp_r_p_nz,1
r_p_nz_v,1
p_nz_v_v,1
nz_v_v_wp,1
r_wp_wp_d,6
v_v_n_nh,2
d_p_v_u,2
r_u_v_u,2
r_a_n_c,1
a_n_c_d,1
a_v_v_c,1
v_d_a_d,2
d_a_d_u,1
wp_n_p_p,2
p_p_a_c,1
p_a_c_d,1
wp_a_p_b,1
a_p_b_n,1
p_b_n_wp,4
n_d_c_r,1
d_c_r_wp,1
c_r_wp_a,3
r_wp_a_d,1
wp_v_a_q,2
v_a_q_wp,1
a_q_wp_p,1
q_wp_p_c,1
wp_p_c_r,1
p_c_r_n,1
c_r_n_wp,3
d_p_r_d,1
p_r_d_wp,1
r_d_wp_d,1
d_wp_d_p,1
d_p_r_nd,1
p_r_nd_wp,2
r_nd_wp_wp,1
nd_wp_wp_r,1
wp_wp_nt_m,3
nt_m_n_wp,5
wp_nt_nh_n,2
nt_nh_n_wp,1
nh_n_wp_nd,2
wp_nd_wp_nt,1
nd_wp_nt_n,1
wp_nt_n_a,5
nt_n_a_n,2
p_n_wp_i,4
v_wp_nh_m,2
wp_nh_m_q,8
nh_m_q_m,8
m_q_m_q,11
q_m_q_nt,10
m_q_nt_wp,14
q_nt_wp_nh,8
n_n_v_nt,1
nt_r_n_wp,1
wp_r_a_j,1
r_a_j_wp,1
a_j_wp_r,1
j_wp_r_a,1
wp_r_a_a,1
wp_n_p_ns,2
wp_v_u_r,5
v_u_r_u,1
u_r_u_wp,1
r_u_wp_nh,1
u_wp_nh_d,4
c_n_wp_nh,5
nh_d_v_a,1
a_wp_n_u,6
d_p_wp_nh,2
p_wp_nh_n,1
wp_nh_v_c,6
nh_v_c_v,8
n_wp_d_nh,3
wp_d_nh_p,1
d_nh_p_n,1
wp_nt_a_c,1
nt_a_c_v,1
a_c_v_a,1
v_c_v_nh,2
c_v_nh_p,2
v_nh_p_nh,2
nh_p_nh_wp,3
nh_wp_v_c,2
r_wp_nt_nh,2
nt_nh_wp_v,2
n_r_n_m,1
j_r_v_u,2
nh_v_p_r,3
p_a_n_p,1
a_n_p_nt,1
n_p_nt_p,1
p_nt_p_v,2
nt_p_v_r,1
nh_p_v_p,2
p_v_p_nh,4
c_v_n_r,1
n_r_wp_nt,1
r_wp_nt_d,1
nt_d_v_c,1
c_v_c_v,6
m_q_n_c,1
q_n_c_v,1
nh_a_n_nd,1
a_n_nd_wp,1
n_nd_wp_c,1
nd_wp_c_d,2
c_d_a_p,1
d_a_p_n,2
u_n_v_d,1
d_v_u_u,4
u_u_wp_a,1
u_wp_a_r,2
wp_a_r_a,1
a_r_a_c,1
v_m_n_c,1
m_n_c_d,1
d_v_p_p,2
v_p_p_n,5
p_p_n_wp,6
n_wp_b_u,4
b_u_wp_n,3
n_n_v_b,2
v_b_n_p,1
b_n_p_r,1
p_r_n_nh,1
r_n_p_r,2
p_a_n_u,4
v_n_c_ns,1
c_ns_v_p,1
ns_v_p_n,1
p_nh_wp_j,2
nh_wp_j_nh,2
j_nh_v_nh,1
nh_v_nh_v,6
c_d_v_v,12
wp_j_u_d,1
j_u_d_v,1
d_wp_v_n,4
wp_nh_a_c,1
nh_a_c_d,1
a_c_d_a,3
d_a_wp_j,1
a_wp_j_a,1
wp_j_a_c,1
j_a_c_d,1
d_v_nh_p,2
r_wp_nh_d,4
c_v_n_c,3
c_v_v_k,1
v_k_wp_a,2
k_wp_a_u,1
nt_wp_nh_r,1
nh_r_v_n,5
wp_nh_nh_nh,2
nh_nh_nh_u,1
nh_nh_u_wp,4
v_nh_p_nt,1
nh_p_nt_wp,3
nh_v_wp_b,1
b_n_v_v,2
wp_b_n_r,2
b_n_r_d,1
wp_r_nd_wp,1
r_nd_wp_u,1
nd_wp_u_p,1
wp_n_p_nt,2
n_p_nt_r,1
p_nt_r_wp,1
nt_r_wp_v,1
n_wp_nt_b,1
nt_b_n_v,1
nt_wp_v_d,2
j_n_u_v,1
n_u_v_k,1
u_v_k_wp,1
v_k_wp_v,3
k_wp_v_p,2
n_n_nh_wp,2
d_v_j_n,2
wp_wp_n_k,4
wp_n_k_v,6
n_k_v_wp,4
k_v_wp_wp,4
nh_n_r_a,1
c_v_nt_u,2
wp_v_v_a,10
p_n_a_n,4
a_n_p_ns,1
ns_wp_nh_v,1
d_a_wp_m,1
a_wp_m_q,1
wp_m_q_d,1
m_q_d_d,1
q_d_d_v,1
wp_nh_wp_d,8
nh_wp_d_v,12
nh_v_p_nh,4
p_nh_wp_r,1
nh_nh_n_n,1
nh_n_n_c,1
c_v_n_q,1
v_n_q_u,1
n_q_u_wp,1
q_u_wp_v,1
wp_v_nh_d,2
v_nh_d_v,1
nh_n_v_c,1
wp_v_p_nt,6
v_p_nt_v,1
p_nt_v_r,1
n_v_m_a,3
v_m_a_d,1
m_a_d_v,2
a_d_v_nd,1
d_v_nd_wp,4
v_nd_wp_m,1
nd_wp_m_a,1
wp_m_a_d,1
v_nd_wp_i,2
nd_wp_i_d,1
wp_i_d_v,2
i_d_v_nd,1
v_nd_wp_nt,1
nd_wp_nt_v,1
wp_nt_v_p,2
nt_v_p_nd,1
nd_wp_nh_nh,1
nh_nh_p_nd,1
p_nd_wp_n,5
nd_wp_n_r,2
n_r_a_v,2
wp_wp_nh_j,1
nh_a_v_v,2
p_n_wp_nd,4
n_wp_nd_d,2
wp_nd_d_d,1
nd_d_d_v,1
wp_wp_v_m,3
wp_v_m_q,5
v_m_q_m,3
q_m_q_n,1
q_n_v_c,1
p_n_v_b,2
b_n_wp_wp,4
n_v_m_u,2
m_u_wp_nd,2
u_wp_nd_nh,2
wp_nd_nh_nh,6
nd_nh_nh_nh,3
nh_nh_nh_wp,2
nh_nh_wp_c,2
d_v_m_n,3
nh_d_v_m,3
q_wp_v_a,2
m_n_v_n,5
c_v_ns_n,3
v_ns_n_wp,8
ns_n_wp_v,6
n_n_wp_i,2
c_p_n_p,3
p_n_p_v,7
v_c_n_v,4
n_nh_wp_c,4
nh_wp_c_n,2
n_a_wp_nd,2
a_wp_nd_n,2
c_nt_wp_a,1
nt_wp_a_a,1
p_nt_wp_p,3
nt_wp_p_r,1
nh_nh_n_wp,2
d_p_v_v,5
r_p_d_v,2
v_r_n_d,1
n_k_wp_v,9
k_wp_v_r,4
wp_c_j_j,1
c_j_j_c,1
j_j_c_v,3
n_u_n_r,1
u_n_r_wp,1
d_v_j_j,1
v_j_j_wp,2
j_j_wp_v,3
v_wp_j_j,1
wp_j_j_c,2
wp_p_r_j,1
p_r_j_p,1
r_j_p_wp,1
j_p_wp_wp,1
p_wp_wp_nh,1
nh_i_wp_p,1
i_wp_p_n,2
n_u_wp_b,3
u_wp_b_i,1
b_i_wp_ns,1
i_wp_ns_v,1
wp_ns_v_v,2
ns_v_v_wp,1
nt_wp_j_v,3
j_v_v_b,1
v_v_b_u,1
v_b_u_n,1
b_u_n_wp,2
d_u_n_u,2
nh_wp_v_p,5
a_n_wp_nd,5
nd_v_n_d,1
v_n_d_wp,3
n_d_wp_v,2
d_wp_v_wp,1
wp_v_d_wp,2
v_d_wp_nh,1
nd_r_wp_p,1
wp_wp_nd_r,1
wp_nd_r_wp,1
nd_r_wp_nh,1
nd_r_wp_c,1
v_wp_wp_k,1
wp_wp_k_nd,1
wp_k_nd_r,1
k_nd_r_wp,1
nd_r_wp_n,1
wp_r_p_nd,1
r_p_nd_v,1
p_nd_v_u,1
nd_v_u_wp,1
wp_a_n_a,2
a_n_a_n,1
n_a_a_v,1
v_wp_nt_d,5
wp_nt_d_a,2
nt_d_a_u,1
d_p_r_n,4
v_r_c_d,1
v_nh_nh_wp,5
nh_nh_wp_j,1
nh_wp_j_j,1
j_j_j_v,2
j_v_i_k,1
v_i_k_wp,2
wp_a_v_p,2
a_v_p_n,3
v_nt_n_wp,3
nt_n_wp_nt,1
wp_nt_nt_nt,6
nh_v_wp_nt,6
u_n_n_v,7
v_n_nh_p,2
n_nh_p_n,2
a_v_wp_a,3
c_d_p_b,1
d_p_b_i,1
p_b_i_wp,1
b_i_wp_nd,1
i_wp_nd_v,1
nd_v_v_d,1
n_v_d_c,1
v_d_c_j,1
d_c_j_wp,1
c_j_wp_v,1
v_c_d_wp,4
c_d_wp_c,1
d_wp_c_nl,1
nl_wp_v_n,5
wp_nd_v_u,4
nd_v_u_d,2
v_c_a_v,2
n_c_n_n,9
wp_nd_v_r,1
nh_wp_wp_v,3
nh_nt_wp_wp,1
nt_wp_wp_p,1
p_v_a_a,1
v_a_a_u,2
v_wp_nd_a,1
wp_nd_a_nd,1
nd_a_nd_n,1
a_nd_n_wp,1
wp_a_wp_nd,1
a_wp_nd_u,1
wp_n_wp_nd,2
n_wp_nd_u,1
n_u_wp_q,2
u_wp_q_wp,1
wp_q_wp_a,1
q_wp_a_u,1
a_u_n_u,5
n_u_wp_nd,4
u_wp_nd_d,1
wp_nd_d_a,2
nd_d_a_wp,2
r_n_wp_nd,1
nd_v_v_a,1
p_n_v_d,1
n_v_d_wp,1
v_d_wp_v,5
d_wp_v_m,1
v_m_n_v,2
r_m_r_nh,1
m_r_nh_v,1
c_n_wp_a,1
wp_a_wp_d,2
v_a_wp_p,3
a_wp_p_r,4
j_j_v_a,1
j_v_a_wp,2
v_n_v_q,1
n_v_q_wp,1
q_wp_j_j,1
wp_j_j_d,2
u_wp_i_wp,2
i_wp_d_u,1
wp_p_r_k,1
p_r_k_n,1
r_k_n_u,1
k_n_u_wp,1
r_n_k_a,2
n_k_a_u,2
k_a_u_wp,2
wp_d_p_d,2
d_p_d_v,1
n_v_n_a,5
n_a_wp_a,2
r_d_p_v,2
n_nd_wp_a,1
nd_wp_a_p,1
v_wp_nt_wp,9
nt_wp_n_nh,2
n_nh_n_v,3
nh_n_v_nh,3
nh_p_v_nh,2
p_v_nh_wp,6
nh_wp_n_q,1
wp_n_q_p,1
n_q_p_n,1
nh_n_wp_nt,3
nt_d_a_wp,1
n_p_wp_p,1
p_wp_p_nt,1
wp_p_nt_wp,2
v_v_p_wp,2
v_p_wp_v,1
nt_r_n_nh,3
r_n_nh_wp,3
n_nh_wp_p,3
n_nh_wp_ns,1
nh_wp_ns_d,2
wp_ns_d_v,2
ns_d_v_n,1
nt_r_n_p,1
wp_nh_r_i,1
nh_r_i_u,1
i_u_wp_wp,3
u_wp_nt_r,3
p_ns_wp_i,1
ns_wp_i_wp,1
p_d_v_nh,1
nh_n_wp_a,2
a_wp_nh_n,3
wp_j_c_j,1
j_c_j_wp,1
c_j_wp_j,1
v_wp_c_r,5
wp_nt_nh_p,1
nt_nh_p_ns,1
ns_v_n_n,1
d_d_n_v,2
d_n_v_p,2
v_p_wp_d,1
p_wp_d_r,1
nt_r_n_n,1
r_n_n_n,1
wp_nt_nt_n,1
nt_nt_n_v,1
c_d_r_p,1
d_r_p_wp,1
r_p_wp_r,1
p_wp_r_c,1
r_wp_r_i,1
wp_r_i_u,1
nt_n_a_r,1
n_a_r_c,1
a_r_c_v,1
r_c_v_nt,1
v_nt_wp_nt,3
nt_wp_nt_r,1
wp_nt_r_a,1
nt_r_a_n,1
r_a_n_nh,1
a_n_nh_wp,1
wp_v_d_i,1
v_d_i_wp,2
u_wp_v_i,2
wp_v_i_k,1
i_k_wp_d,1
k_wp_d_d,1
d_v_r_p,4
r_p_j_wp,1
j_wp_v_d,2
n_wp_ns_u,1
wp_ns_u_v,1
ns_u_v_u,1
r_v_u_r,2
u_r_wp_wp,3
nh_v_wp_r,4
wp_wp_wp_m,3
wp_wp_wp_p,1
wp_nt_nh_d,2
nt_nh_d_v,2
r_r_v_v,3
wp_wp_wp_nh,2
d_v_wp_i,2
p_v_p_a,2
d_r_v_p,1
u_wp_nh_m,2
wp_nh_m_nt,8
nh_m_nt_m,8
m_nt_m_q,4
nt_m_q_nt,4
q_nt_wp_n,2
q_wp_v_u,1
n_v_u_p,1
wp_a_k_n,3
a_k_n_r,1
k_n_r_wp,1
r_wp_n_k,2
n_k_v_r,3
k_v_r_wp,4
c_d_r_a,2
d_r_a_wp,1
v_v_wp_nd,3
nd_n_v_u,1
c_n_d_r,1
n_d_r_wp,3
nd_n_wp_p,3
n_n_v_nd,1
a_n_a_c,1
c_n_nh_v,1
nh_v_c_p,1
v_c_p_v,3
c_p_v_c,1
wp_d_n_v,7
d_n_v_u,2
nh_v_n_nh,1
n_nh_n_nd,1
nh_n_nd_v,1
n_nd_v_wp,5
nd_v_wp_d,2
u_n_c_n,3
d_nh_u_d,1
nh_u_d_v,2
v_j_n_d,2
j_n_d_v,3
n_p_p_nh,1
p_p_nh_wp,1
p_nh_wp_n,10
nt_d_v_nh,1
nh_wp_nh_d,6
wp_wp_p_nh,1
p_nh_u_n,1
nh_u_n_n,3
r_v_p_nh,4
u_u_wp_p,1
wp_p_nh_v,7
m_n_v_v,1
c_v_p_r,2
p_r_wp_p,1
r_wp_p_j,1
wp_p_j_u,1
p_j_u_v,3
c_v_nd_wp,2
v_nd_wp_r,1
nd_wp_r_n,4
c_n_p_nh,1
wp_p_nh_wp,4
nh_wp_n_p,3
nh_wp_nh_p,3
wp_nh_p_nh,4
nh_p_nh_a,1
p_nh_a_nh,1
nh_a_nh_wp,1
a_nh_wp_nh,1
n_wp_p_m,4
wp_p_m_n,5
c_nl_wp_nh,1
nl_wp_nh_wp,1
c_n_v_i,1
v_i_wp_p,1
i_wp_p_b,1
wp_p_b_n,3
p_b_n_v,1
b_n_v_a,1
v_a_n_n,5
a_n_n_c,2
n_n_v_i,2
v_i_wp_a,1
i_wp_a_p,1
a_p_n_n,2
v_nh_wp_d,3
nh_wp_d_p,1
wp_d_p_nh,3
d_p_nh_n,1
v_v_p_p,1
p_p_n_p,1
n_wp_nd_k,2
wp_nd_k_n,1
nd_k_n_wp,1
k_n_wp_wp,2
c_n_n_c,1
p_n_nd_v,1
r_v_n_a,2
c_v_p_d,1
v_p_d_c,2
p_d_c_v,1
d_c_v_n,1
a_n_d_d,1
d_wp_v_u,1
nt_wp_nh_p,1
wp_nh_p_nt,1
nt_wp_d_d,1
nh_wp_nh_nh,3
r_r_p_n,1
nt_v_wp_nh,2
r_n_v_c,2
wp_n_r_q,1
n_r_q_v,2
r_q_v_v,1
q_v_v_wp,1
wp_wp_n_nt,3
v_nh_v_c,1
wp_wp_n_i,1
v_nh_wp_nt,2
nh_wp_nt_u,1
wp_nt_u_wp,1
nt_u_wp_n,1
n_v_a_p,1
a_p_v_u,1
c_v_r_nt,1
v_r_nt_wp,1
r_wp_p_ns,1
wp_p_ns_n,2
p_ns_n_wp,3
v_p_wp_nh,1
p_wp_nh_v,2
wp_wp_d_r,4
wp_d_r_u,1
d_r_u_v,1
p_n_nh_p,1
c_p_v_wp,5
wp_d_u_v,2
d_u_v_u,3
wp_wp_nt_v,2
nt_v_p_n,1
r_wp_nd_wp,2
nd_wp_n_n,1
v_n_k_c,1
n_k_c_d,1
k_c_d_v,1
v_n_u_i,1
n_u_i_u,1
u_i_u_wp,2
i_u_wp_c,1
v_wp_nd_wp,2
wp_nd_wp_d,1
nd_wp_d_nh,1
d_nh_v_n,1
v_p_n_k,3
p_n_k_wp,3
k_wp_v_n,2
p_n_v_p,7
c_v_c_j,1
v_c_j_v,1
c_j_v_p,1
j_v_p_a,1
c_v_wp_i,1
v_wp_j_r,1
wp_j_r_a,1
wp_a_wp_wp,2
wp_r_a_wp,2
wp_r_p_a,2
v_m_a_wp,3
m_a_wp_v,2
n_wp_m_u,4
wp_m_u_wp,6
n_v_p_j,2
v_p_j_m,1
p_j_m_q,1
j_m_q_u,1
d_v_v_k,1
k_wp_v_i,1
j_n_v_m,1
v_m_a_p,1
m_a_p_n,1
a_p_n_a,2
wp_nh_wp_nl,1
nh_wp_nl_v,1
wp_nl_v_u,1
nl_v_u_wp,1
a_v_wp_nt,1
m_u_wp_a,1
wp_a_wp_m,1
a_wp_m_u,1
v_d_wp_m,3
d_wp_m_u,1
m_n_p_v,3
n_p_v_m,2
p_v_m_a,1
m_a_wp_r,1
c_nd_nh_u,1
nd_nh_u_wp,1
c_d_a_u,1
r_a_v_u,2
c_r_wp_p,1
nh_wp_d_d,1
v_p_v_nd,1
p_v_nd_n,3
a_p_v_nd,1
wp_v_d_n,2
v_d_n_n,1
wp_v_nh_n,4
nh_wp_j_p,1
wp_j_p_v,2
j_p_v_nd,1
wp_d_p_p,2
d_p_p_nd,1
p_p_nd_n,1
q_wp_v_v,1
wp_n_p_c,3
n_p_c_p,1
p_c_p_r,1
wp_n_nd_d,1
n_nd_d_v,1
nd_d_v_wp,1
wp_r_m_n,4
r_m_n_k,2
m_n_k_wp,3
nd_wp_v_j,1
v_j_c_d,2
j_c_d_v,2
wp_j_d_p,1
j_d_p_n,1
nh_wp_nt_wp,2
v_nh_p_a,2
v_wp_nt_i,1
nt_i_wp_v,2
n_nd_wp_m,1
m_n_m_v,1
n_a_n_d,1
a_n_d_nh,1
n_d_nh_c,1
d_nh_c_v,1
nh_c_v_wp,4
n_p_n_m,2
p_n_m_q,1
n_m_q_n,1
a_n_p_m,1
p_m_wp_c,1
m_wp_c_c,1
r_wp_a_p,3
wp_a_v_k,1
a_v_k_wp,1
n_n_p_m,1
p_m_q_n,1
q_n_wp_v,2
wp_n_n_j,1
n_n_j_wp,1
n_j_wp_d,1
v_r_a_p,1
r_a_p_r,1
j_v_n_k,1
k_wp_n_i,1
n_i_wp_d,2
wp_n_c_p,5
n_c_p_n,3
wp_nh_r_p,3
nh_r_p_n,2
c_d_d_m,1
d_d_m_wp,1
d_m_wp_n,1
m_wp_n_a,1
n_a_a_u,2
v_wp_n_m,3
wp_n_m_v,4
m_v_wp_p,2
v_wp_p_d,4
d_n_wp_wp,5
n_v_p_d,4
r_u_wp_nt,1
wp_nt_n_nh,1
nt_n_nh_n,1
p_d_d_n,1
d_d_d_a,2
a_wp_d_a,1
wp_d_a_v,3
d_a_v_d,1
a_v_d_wp,2
d_wp_m_n,2
v_c_n_u,2
n_wp_nd_p,1
wp_nd_p_p,1
nd_p_p_n,1
n_p_v_a,2
a_wp_n_p,4
wp_v_p_u,1
v_p_u_wp,1
p_u_wp_v,1
v_wp_d_u,2
wp_d_u_c,1
d_u_c_v,1
u_c_v_u,1
wp_j_n_n,4
j_n_n_wp,2
wp_wp_d_n,4
d_n_v_r,3
d_v_p_wp,2
v_d_p_v,5
n_v_nd_u,1
wp_wp_nt_a,1
nt_a_wp_v,2
wp_r_u_d,2
r_u_d_d,1
d_d_wp_j,1
d_wp_j_n,1
j_n_u_i,1
n_u_i_wp,1
u_i_wp_wp,1
wp_v_nh_u,3
v_nh_u_nd,1
nh_v_m_n,2
v_m_n_m,1
m_n_m_q,1
n_m_q_v,2
q_v_wp_c,1
n_nd_wp_r,5
wp_c_v_j,3
c_v_j_u,2
v_j_u_a,1
j_u_a_wp,2
u_v_wp_p,4
wp_p_v_j,1
p_v_j_n,1
v_r_m_n,2
r_v_c_nh,1
wp_v_n_j,1
v_n_j_nd,1
n_j_nd_v,1
j_nd_v_p,1
nd_v_p_p,1
v_p_p_wp,1
p_p_wp_v,1
p_wp_v_wp,1
wp_v_wp_i,1
wp_n_n_nd,1
n_n_nd_v,1
n_nd_v_v,3
a_n_v_u,5
a_wp_c_nt,2
a_wp_nh_u,2
wp_a_c_n,3
a_c_n_a,2
c_n_a_k,1
n_a_k_wp,1
wp_n_b_u,1
n_b_u_wp,1
b_u_wp_c,1
wp_d_p_nt,2
d_p_nt_u,1
wp_wp_p_j,1
wp_p_j_j,2
p_j_j_j,2
j_j_v_wp,3
r_wp_c_i,1
a_n_n_u,3
j_n_a_n,1
v_v_u_d,3
v_u_d_a,2
v_v_v_a,3
wp_d_n_i,2
d_n_i_wp,2
i_wp_wp_nh,1
d_p_p_n,1
p_p_n_n,2
u_v_a_k,1
v_a_k_u,2
a_k_u_wp,2
k_u_wp_wp,1
v_nd_wp_c,3
v_wp_j_nh,2
wp_j_nh_r,1
j_nh_r_v,1
c_v_wp_j,5
v_wp_j_u,2
v_p_nh_u,3
wp_c_v_nh,4
nh_wp_c_d,1
u_n_nh_v,2
n_d_b_i,1
d_b_i_wp,1
b_i_wp_nh,1
i_wp_nh_v,4
r_n_c_p,1
wp_nh_nh_m,2
nh_nh_m_wp,2
nh_m_wp_v,5
m_wp_v_wp,3
n_v_p_ns,2
p_ns_wp_d,2
ns_wp_d_p,1
n_d_p_j,1
d_p_j_wp,1
n_a_p_nd,1
a_p_nd_v,1
p_nd_v_nh,1
nd_v_nh_v,1
wp_wp_j_j,1
wp_j_j_r,1
j_j_r_p,1
j_r_p_d,1
p_d_v_a,2
a_wp_u_n,1
wp_u_n_v,1
n_a_wp_nt,2
wp_nt_wp_r,2
r_r_v_p,1
r_v_p_nt,2
v_u_wp_u,1
u_wp_u_p,1
n_m_n_m,1
m_n_m_wp,1
n_m_wp_wp,2
m_wp_wp_r,1
c_v_v_c,2
n_p_nt_n,2
p_nt_n_wp,2
nt_n_wp_p,1
wp_a_a_n,5
a_a_n_u,3
nt_wp_d_n,1
wp_d_n_c,1
d_n_c_n,1
d_p_n_p,3
n_p_n_p,4
p_n_p_nd,1
n_p_nd_r,1
p_nd_r_wp,1
nd_r_wp_r,1
q_nt_wp_v,2
p_nd_n_v,1
c_p_n_a,1
p_n_a_d,1
v_v_nd_c,1
v_nd_c_i,1
nd_c_i_wp,1
c_i_wp_wp,1
v_n_c_i,3
n_c_i_wp,4
c_i_wp_d,1
v_n_p_c,1
n_p_c_nt,1
p_c_nt_wp,1
c_nt_wp_nt,2
nt_wp_nt_v,3
nt_v_u_wp,1
wp_n_r_u,4
n_r_u_d,1
wp_v_n_nt,1
n_nt_wp_d,1
v_nh_n_u,1
n_j_v_v,1
c_v_nh_n,2
v_nh_v_r,1
a_v_n_u,2
u_n_p_nh,3
n_wp_v_i,3
v_v_a_nd,1
v_a_nd_n,1
a_nd_n_u,1
u_n_p_n,8
wp_a_p_nl,1
a_p_nl_wp,1
p_nl_wp_n,1
nl_wp_n_nt,1
nt_wp_c_nd,1
wp_c_nd_v,3
b_n_wp_nl,1
n_wp_nl_v,1
wp_nl_v_d,1
nl_v_d_v,1
wp_n_nh_a,1
n_n_c_a,2
n_c_a_p,1
p_n_wp_nl,1
n_wp_nl_b,1
wp_nl_b_a,1
nl_b_a_n,1
b_a_n_v,1
a_n_v_c,2
v_c_a_p,1
n_n_c_p,2
n_wp_nt_m,1
n_n_n_a,1
n_n_a_wp,4
n_a_wp_nl,1
a_wp_nl_b,1
wp_nl_b_v,1
nl_b_v_wp,1
b_v_wp_n,2
r_n_c_n,2
r_n_m_q,1
m_q_wp_r,2
q_wp_r_a,1
wp_n_wp_nt,2
n_wp_nt_u,3
wp_p_a_n,2
a_n_wp_j,5
j_d_v_a,1
j_d_v_d,1
n_c_v_m,2
c_v_m_a,1
a_wp_d_n,1
d_n_d_n,1
wp_wp_nh_m,11
q_nt_wp_d,1
r_p_n_u,4
wp_j_v_d,2
j_v_d_v,2
p_nh_u_p,1
nh_u_p_nh,1
u_p_nh_u,2
c_p_nd_q,1
p_nd_q_wp,1
nd_q_wp_i,1
q_wp_i_wp,2
v_r_nd_u,3
r_nd_u_n,2
nd_u_n_v,3
nh_d_v_nh,1
r_nh_wp_m,1
m_n_d_u,1
c_p_r_nd,1
p_a_wp_wp,4
a_wp_wp_nt,2
p_nh_v_nh,1
wp_r_d_n,2
r_d_n_nh,1
d_n_nh_wp,1
nh_wp_c_a,1
wp_c_a_nh,1
c_a_nh_wp,1
a_nh_wp_r,1
nh_wp_r_d,3
d_d_v_nh,1
nh_wp_r_c,1
wp_r_c_nd,1
nd_v_r_v,1
n_u_a_u,3
v_nh_wp_u,1
nh_wp_u_p,1
nh_a_n_n,1
j_nh_v_n,1
nh_m_wp_m,1
m_wp_m_v,1
m_v_wp_wp,1
wp_wp_c_p,2
r_u_d_a,1
u_d_a_u,1
r_d_r_a,1
d_r_a_u,2
a_wp_c_u,1
wp_c_u_v,2
c_u_v_r,1
wp_c_r_nh,1
c_r_nh_v,1
nh_v_wp_i,1
v_wp_i_c,1
wp_i_c_v,2
n_c_n_a,2
n_a_wp_p,3
n_p_nh_a,1
p_nh_a_wp,2
nh_a_wp_d,3
d_v_n_i,1
i_wp_v_d,2
n_v_v_d,2
v_wp_c_nd,2
d_i_wp_p,1
nt_wp_n_i,2
wp_v_nt_wp,4
v_n_d_a,3
a_wp_r_r,1
c_v_r_u,1
wp_p_r_a,3
p_r_a_n,2
n_u_p_a,1
u_p_a_n,1
nh_u_p_n,1
nh_v_r_p,1
wp_r_nd_v,3
r_nd_v_u,1
nd_v_u_m,1
v_u_m_n,2
wp_p_v_ns,2
p_v_ns_u,1
v_nt_wp_d,1
d_v_c_r,2
wp_nt_u_p,1
nt_u_p_n,1
u_d_v_n,2
wp_r_p_wp,1
r_p_wp_c,1
p_wp_c_nt,1
wp_c_nt_c,1
c_nt_c_n,1
nt_c_n_v,1
v_wp_n_j,1
wp_n_j_u,1
c_a_v_u,3
v_u_n_nh,1
u_n_nh_r,1
nh_r_wp_j,1
r_wp_j_p,1
j_p_v_p,1
p_v_nh_n,5
nh_n_wp_b,1
wp_b_wp_v,1
n_n_r_v,2
n_r_v_nd,2
r_v_nd_u,1
nd_u_wp_v,1
v_r_wp_u,2
r_wp_u_v,1
v_wp_nh_i,2
i_c_v_nt,1
nt_u_n_m,1
u_n_m_q,1
q_wp_p_v,2
p_v_p_p,1
a_n_d_u,1
u_wp_c_b,1
wp_c_b_u,1
c_b_u_wp,1
u_v_wp_nz,1
v_wp_nz_n,1
wp_nz_n_u,1
nz_n_u_n,1
u_wp_nt_u,1
nh_c_nh_d,1
c_nh_d_wp,1
d_wp_n_p,1
a_wp_d_b,1
wp_d_b_u,1
d_b_u_wp,1
wp_nh_u_a,1
nh_u_a_n,1
u_a_n_u,4
v_c_v_m,2
v_n_c_a,3
n_c_a_n,2
wp_v_r_u,2
a_n_u_a,1
wp_c_c_d,1
c_c_d_v,2
nh_n_c_n,1
c_v_wp_nl,1
v_wp_nl_v,1
wp_nl_v_r,1
nl_v_r_wp,1
nt_wp_j_j,3
j_j_v_v,1
v_v_d_d,2
n_nd_wp_d,4
nd_wp_n_p,2
n_p_c_v,2
p_c_v_r,2
a_u_wp_m,1
u_wp_m_p,1
wp_m_p_r,1
m_p_r_v,1
p_r_v_c,1
r_v_c_d,1
a_wp_n_nh,2
wp_n_c_c,2
n_c_c_d,1
v_p_nt_c,1
p_nt_c_v,1
nt_c_v_p,1
d_v_u_q,1
v_u_q_wp,1
u_q_wp_p,1
q_wp_p_n,3
n_r_u_a,1
r_u_a_u,1
u_n_c_d,1
n_c_d_c,1
c_d_c_v,1
d_p_r_v,4
wp_r_m_p,1
r_m_p_nh,1
m_p_nh_n,1
nh_wp_n_nh,1
u_wp_i_d,1
i_d_v_wp,1
v_wp_ns_d,1
wp_ns_d_d,1
ns_d_d_v,1
p_n_wp_ns,1
wp_ns_wp_n,1
v_v_r_nd,3
v_u_r_c,1
u_r_c_wp,1
r_c_wp_n,1
c_wp_n_r,1
n_r_v_p,1
r_v_p_m,1
r_d_v_j,1
j_c_v_m,1
v_p_nh_c,1
p_nh_c_wp,1
nh_c_wp_n,2
c_wp_n_n,2
n_p_n_d,1
p_n_d_d,2
n_a_n_a,1
a_n_a_u,2
n_a_u_a,1
a_u_a_wp,1
u_a_wp_a,1
u_wp_m_q,3
q_v_wp_p,1
u_v_wp_a,1
v_wp_r_c,1
wp_r_c_p,1
r_c_p_v,1
d_u_wp_d,1
p_v_m_n,3
u_wp_c_r,7
wp_c_r_p,2
c_r_p_n,2
r_p_n_nh,1
p_n_nh_n,2
v_wp_wp_q,1
wp_wp_q_nd,1
wp_q_nd_v,2
q_nd_v_n,1
wp_p_n_d,2
n_d_v_m,2
q_wp_v_wp,1
v_wp_p_nh,2
p_nh_v_r,1
p_d_v_u,7
r_v_a_nh,1
v_a_nh_wp,2
a_nh_wp_i,1
nh_wp_i_c,1
i_c_v_v,1
wp_r_d_c,1
r_d_c_v,1
nt_wp_nt_n,1
nt_n_p_a,1
n_p_a_v,2
p_a_v_v,1
p_n_m_n,1
r_wp_wp_nt,4
v_n_p_nl,1
p_nl_wp_v,4
m_n_v_d,1
d_p_v_nh,4
v_n_nh_u,3
a_n_v_p,2
v_b_v_n,2
wp_m_n_p,1
p_n_v_nd,1
v_m_n_d,1
n_a_v_p,1
v_wp_d_c,1
wp_d_c_p,1
d_c_p_v,1
v_a_v_d,1
r_a_wp_a,2
nt_nt_wp_j,1
wp_j_j_n,5
j_j_n_wp,4
j_n_wp_nt,2
v_u_n_d,3
u_n_d_n,2
v_n_k_n,1
j_v_v_r,1
nt_wp_n_u,1
u_wp_d_nt,1
wp_d_nt_j,1
d_nt_j_wp,1
nt_j_wp_d,1
q_v_n_c,2
wp_c_wp_nt,1
c_wp_nt_n,1
u_wp_v_nt,1
nt_wp_wp_v,1
n_nh_p_wp,1
nt_wp_n_nt,1
r_wp_nt_k,1
wp_nt_k_nh,1
nt_k_nh_n,1
k_nh_n_p,1
v_a_u_v,1
wp_n_v_k,4
n_v_k_u,3
v_k_u_wp,3
k_u_wp_n,1
k_u_wp_ns,1
u_wp_ns_n,1
ns_n_n_wp,1
k_u_wp_v,1
wp_i_u_wp,1
i_u_wp_nh,1
v_n_k_u,4
k_u_wp_m,2
m_n_wp_p,5
p_m_n_a,2
q_wp_p_m,1
v_v_a_k,1
k_u_wp_p,1
p_a_wp_p,4
c_n_p_b,1
n_p_b_wp,1
p_b_wp_c,1
b_wp_c_d,1
c_d_v_i,1
d_v_i_u,1
v_i_u_wp,2
r_wp_c_c,4
c_c_v_n,2
wp_v_p_i,1
v_p_i_wp,3
p_n_c_m,1
n_c_m_v,1
c_m_v_wp,1
nh_n_d_a,1
n_d_a_p,1
d_a_p_nt,2
a_p_nt_wp,3
nt_nh_wp_j,3
wp_j_nh_n,1
j_nh_n_v,1
p_r_wp_nt,2
v_nh_wp_m,1
nh_wp_m_r,1
wp_m_r_p,1
m_r_p_r,1
p_r_v_p,2
nh_u_wp_nh,2
r_a_v_a,1
n_wp_nd_c,1
wp_nd_c_nt,1
nd_c_nt_wp,1
c_nt_wp_nh,1
v_u_p_i,1
u_p_i_u,1
p_i_u_wp,1
i_u_wp_q,1
u_wp_q_n,1
wp_q_n_v,1
q_n_v_n,1
wp_nt_p_p,1
nt_p_p_n,1
nt_r_v_r,1
nt_r_n_v,2
wp_r_p_d,1
r_p_d_r,1
p_d_r_u,1
wp_p_nt_v,2
p_nt_v_nt,1
nt_v_nt_wp,1
nt_wp_p_n,3
p_n_v_nt,1
nt_wp_p_nh,1
p_nh_v_nt,1
u_wp_p_nt,1
nt_wp_j_wp,4
nh_u_wp_nt,1
wp_nt_wp_a,4
wp_n_c_nt,1
n_c_nt_wp,1
nt_wp_nt_wp,1
d_p_nt_wp,1
v_r_v_r,2
nh_d_d_n,1
nh_d_d_a,2
c_wp_nh_v,1
n_v_v_i,1
d_a_wp_nh,3
wp_c_nt_n,1
c_nt_n_wp,1
v_d_p_r,1
r_wp_d_a,3
d_a_v_u,1
u_wp_wp_j,2
v_n_p_i,1
n_p_i_k,1
p_i_k_v,1
i_k_v_r,1
d_d_n_u,1
k_n_wp_v,1
nd_wp_v_wp,7
wp_c_a_wp,2
c_a_wp_wp,1
wp_n_nt_p,1
n_nt_p_r,1
nt_p_r_wp,1
p_r_wp_m,1
r_wp_m_v,1
m_v_wp_d,2
wp_nh_nt_n,3
nh_nt_n_wp,3
nh_nh_u_v,1
wp_nh_u_d,2
v_n_u_p,1
n_u_p_wp,1
u_p_wp_c,1
c_nh_v_p,1
v_p_nh_d,1
p_nh_d_wp,1
nh_d_wp_d,1
n_d_wp_nt,1
nt_wp_a_d,1
wp_a_d_wp,1
d_wp_nh_wp,1
wp_nh_d_a,3
wp_a_v_a,2
n_wp_n_m,3
r_p_v_r,1
wp_d_d_c,1
d_d_c_n,1
d_p_wp_d,2
p_wp_d_d,1
nh_u_d_n,1
u_d_n_u,1
wp_nh_nh_c,2
nh_nh_c_u,1
r_d_d_p,1
nd_v_v_u,1
wp_n_p_nl,1
a_wp_n_nd,2
n_nd_v_n,2
nd_v_n_n,1
u_v_wp_nl,1
v_wp_nl_u,2
wp_nl_u_n,2
nl_u_n_wp,1
ns_wp_nt_wp,1
nt_wp_v_a,1
a_n_r_v,1
r_v_wp_nl,1
v_wp_nl_n,1
wp_nl_n_v,1
nl_n_v_n,1
v_n_p_p,1
n_p_p_n,1
p_p_n_nd,1
v_p_m_q,3
q_wp_n_n,1
n_c_a_r,2
i_wp_n_wp,4
p_r_v_nh,1
r_v_nh_nh,1
v_nh_nh_u,1
nh_u_wp_p,2
wp_nh_r_a,1
nh_r_a_u,1
wp_c_nd_c,1
c_nd_c_r,1
nd_c_r_a,1
c_r_a_n,1
d_v_c_d,2
wp_c_a_c,1
c_a_c_v,1
b_n_r_v,1
v_a_a_n,1
a_wp_v_nt,1
p_n_nd_n,1
n_nd_n_nd,1
nd_n_nd_wp,1
wp_v_u_b,1
v_u_b_c,1
u_b_c_n,1
v_v_p_c,1
v_p_c_v,2
p_c_v_wp,2
wp_wp_v_nt,1
nt_wp_v_c,1
r_wp_p_k,1
wp_p_k_nd,1
p_k_nd_v,1
k_nd_v_wp,1
wp_v_p_nl,1
v_p_nl_wp,4
p_nl_wp_wp,1
nl_wp_wp_n,1
j_v_v_v,1
v_v_d_a,1
u_d_v_a,1
wp_wp_c_wp,1
c_wp_j_u,1
u_n_v_nh,3
nt_v_v_r,1
d_v_c_u,1
v_c_u_wp,1
c_u_wp_nh,1
nh_v_r_d,1
v_r_d_wp,2
r_d_wp_v,2
v_v_p_j,3
p_j_wp_c,1
j_wp_c_v,1
nh_c_v_m,1
c_v_m_wp,1
m_wp_c_j,1
c_j_v_r,1
nh_d_a_p,1
v_wp_j_a,1
j_a_n_d,1
a_n_d_wp,1
d_wp_wp_nh,4
n_n_d_wp,4
ns_wp_d_nl,1
wp_d_nl_u,1
d_nl_u_n,1
nl_u_n_u,1
q_nt_wp_j,1
nt_wp_j_n,3
j_n_a_v,1
n_p_nd_a,1
p_nd_a_wp,1
nd_a_wp_v,1
wp_wp_j_d,3
n_u_p_nh,1
v_nh_p_r,2
nh_p_r_n,5
nt_wp_nh_c,1
wp_nh_c_n,1
nh_c_n_wp,1
nh_n_nh_p,1
n_nh_p_r,1
wp_c_p_j,1
c_p_j_v,1
nt_wp_c_j,1
c_nh_v_c,1
n_n_n_c,2
wp_p_v_nl,1
p_v_nl_wp,1
v_nl_wp_n,1
wp_n_v_nl,1
n_v_nl_wp,1
v_nl_wp_v,1
nt_wp_d_a,1
d_a_v_n,1
wp_nd_wp_v,2
r_p_v_c,1
v_v_n_nt,1
v_n_nt_v,1
n_nt_v_c,1
nt_v_c_v,1
n_v_wp_nl,1
nl_u_n_d,1
nt_n_wp_n,5
n_wp_v_q,2
wp_v_q_u,1
q_u_wp_nh,1
v_p_j_n,3
wp_a_wp_r,1
c_p_v_d,2
p_v_d_a,1
a_wp_nh_m,2
wp_nh_m_wp,5
nh_m_wp_d,2
m_wp_d_v,2
v_wp_r_wp,2
wp_nh_d_q,1
nh_d_q_wp,1
d_q_wp_n,1
q_wp_n_u,1
wp_n_u_m,1
n_u_m_n,1
nt_d_v_r,3
r_d_n_v,2
d_n_v_wp,2
a_wp_r_m,1
n_p_v_c,1
nh_p_r_m,1
p_r_m_a,1
r_m_a_v,1
m_a_v_wp,1
n_a_v_v,2
v_v_u_u,2
u_v_wp_nt,2
v_n_a_d,1
r_r_a_v,1
c_v_u_m,1
r_v_n_k,3
n_k_wp_j,1
k_wp_j_n,1
wp_j_n_c,2
j_n_c_n,2
n_c_n_r,3
c_n_r_n,3
j_u_n_a,1
u_n_a_u,1
nh_v_d_a,1
nd_wp_c_n,3
n_n_p_nd,2
wp_v_nh_m,1
v_nh_m_wp,1
n_d_r_v,1
d_r_n_u,4
c_r_r_n,1
r_v_v_p,2
n_v_p_p,2
p_p_n_v,2
p_n_wp_k,1
n_wp_k_wp,1
wp_k_wp_n,1
wp_v_nd_u,1
nt_n_wp_q,1
n_wp_q_nd,1
q_nd_v_wp,1
wp_nt_r_nt,1
nt_r_nt_v,1
r_nt_v_a,1
nt_v_a_wp,1
a_wp_n_m,1
wp_nt_c_nd,1
nt_c_nd_v,3
nd_v_wp_nh,1
d_d_wp_a,1
d_wp_a_u,1
v_c_nh_d,1
c_nh_d_p,1
p_p_v_d,1
p_v_d_nt,1
v_d_nt_wp,1
d_nt_wp_nh,1
nt_wp_nh_u,1
nh_u_wp_a,2
a_wp_j_d,1
n_r_wp_v,3
nh_v_v_a,3
q_wp_v_p,1
v_v_n_m,1
m_wp_wp_n,2
v_d_p_d,1
d_p_d_wp,1
p_d_wp_d,1
nd_n_wp_c,5
a_u_n_n,1
wp_c_p_nh,1
c_p_nh_wp,1
wp_d_v_ns,2
d_v_ns_wp,1
ns_wp_v_p,1
d_r_wp_d,2
r_n_n_v,1
n_nh_wp_r,1
v_p_j_u,3
p_j_u_n,1
d_p_v_d,2
p_v_d_wp,1
a_v_n_d,1
j_n_n_r,1
p_n_p_wp,1
n_p_wp_n,1
v_n_a_a,2
a_wp_c_a,1
wp_c_a_j,1
c_a_j_wp,1
a_j_wp_p,1
j_wp_p_wp,1
wp_p_wp_j,1
p_wp_j_v,1
wp_j_v_wp,6
j_v_wp_j,2
j_n_p_j,1
r_wp_nt_v,4
nt_v_wp_v,4
v_c_n_n,3
n_d_v_j,2
u_n_v_n,5
n_u_n_j,1
u_n_j_wp,1
n_j_wp_j,1
j_wp_j_v,3
j_v_u_n,1
v_wp_p_nz,1
wp_p_nz_n,1
p_nz_n_p,1
nz_n_p_v,1
wp_n_j_n,1
n_j_n_wp,2
r_wp_b_j,1
wp_b_j_a,1
b_j_a_ns,1
j_a_ns_v,1
a_ns_v_wp,1
v_c_d_p,1
c_d_p_v,2
n_wp_ns_v,2
nh_wp_n_nt,1
wp_n_nt_v,1
n_nt_v_wp,1
nt_v_wp_nd,1
wp_nd_wp_a,1
nd_wp_a_n,1
a_n_v_nh,4
nh_nh_p_b,2
nh_p_b_j,1
p_b_j_wp,2
b_j_wp_p,1
wp_wp_b_j,1
wp_b_j_u,1
b_j_u_d,1
j_u_d_a,1
p_n_n_b,1
n_n_b_j,1
n_b_j_wp,1
b_j_wp_n,1
wp_n_a_r,2
n_a_r_n,2
a_r_n_u,3
c_r_d_a,1
a_wp_r_d,1
v_r_u_u,2
r_u_u_wp,2
nt_v_a_c,1
r_wp_p_nh,1
p_nh_n_n,1
v_v_p_b,1
v_p_b_j,2
b_j_wp_r,1
j_wp_r_v,1
n_wp_b_j,2
wp_b_j_v,1
b_j_v_n,1
j_v_n_p,1
v_v_u_nl,1
v_u_nl_wp,1
u_nl_wp_a,1
nl_wp_a_n,1
n_v_p_nl,3
v_p_nl_c,1
p_nl_c_v,1
nl_c_v_u,1
p_n_n_p,5
d_v_p_b,1
p_b_j_j,1
b_j_j_v,1
j_d_v_b,1
d_v_b_j,1
v_b_j_wp,2
b_j_wp_j,1
j_wp_j_j,1
nh_p_v_b,2
p_v_b_j,1
b_j_wp_nh,1
j_j_j_u,2
j_j_u_n,2
wp_b_j_j,1
b_j_j_i,1
j_j_i_wp,1
i_wp_v_j,2
v_j_n_v,1
n_wp_c_b,1
wp_c_b_n,1
c_b_n_wp,1
p_wp_p_nh,1
nh_wp_v_j,1
v_j_n_n,1
j_n_n_v,2
v_c_p_n,1
b_v_v_n,1
nh_v_nh_a,1
v_nh_a_v,1
nh_a_v_p,1
d_p_d_nd,1
p_d_nd_wp,1
d_nd_wp_c,2
n_nd_n_p,1
nd_n_p_nt,1
n_c_v_d,1
c_v_d_n,1
d_v_p_c,2
n_c_p_v,2
n_n_v_ns,1
ns_n_wp_ns,1
n_wp_ns_n,1
wp_ns_n_u,3
ns_n_u_v,1
u_v_d_p,2
r_wp_nh_i,1
v_wp_p_ns,1
wp_p_ns_v,1
ns_v_n_p,1
p_nh_n_u,1
nh_n_u_nd,1
u_nd_wp_nt,1
nd_wp_nt_nt,1
nt_nt_nt_n,2
nt_nt_n_wp,2
nt_n_wp_d,3
nt_wp_n_j,1
n_a_n_j,1
a_n_j_wp,1
n_v_ns_v,1
v_ns_v_v,1
ns_v_v_v,1
wp_c_p_a,2
c_p_a_n,1
wp_m_n_u,3
wp_wp_p_p,1
wp_p_p_a,2
p_p_a_u,1
p_a_u_v,1
v_wp_p_wp,1
wp_nz_wp_v,2
nz_wp_v_wp,1
v_nh_nh_a,1
nh_nh_a_wp,1
n_wp_c_j,2
c_j_n_u,1
n_wp_b_r,1
d_v_d_i,1
wp_d_v_b,3
v_b_wp_wp,1
b_wp_wp_nh,1
nh_wp_p_u,1
wp_p_u_a,1
p_u_a_wp,1
u_a_wp_n,3
nh_wp_p_a,1
wp_p_a_wp,3
a_wp_p_nh,3
nh_wp_j_v,1
n_nh_v_nh,1
d_p_nh_v,3
p_nh_v_p,4
u_n_n_k,2
n_n_k_c,1
n_k_c_nd,1
k_c_nd_v,1
c_n_r_q,1
n_r_q_d,1
r_q_d_v,2
q_d_v_v,1
p_j_n_d,1
n_d_wp_d,1
j_wp_p_u,1
p_u_n_c,1
wp_j_wp_p,2
wp_p_j_v,1
p_j_v_a,1
j_v_a_n,2
p_m_n_v,3
r_v_c_v,1
wp_v_d_c,2
v_d_c_u,1
d_c_u_wp,1
n_n_k_d,1
n_k_d_v,1
k_d_v_wp,1
wp_wp_j_nt,1
wp_j_nt_u,1
j_nt_u_n,1
ns_wp_n_b,1
wp_n_b_wp,2
n_b_wp_r,1
b_wp_r_n,1
v_p_n_nz,1
p_n_nz_wp,1
n_nz_wp_nh,1
nz_wp_nh_v,1
a_c_n_v,1
n_v_n_i,1
n_i_wp_c,1
u_n_wp_nl,1
n_wp_nl_d,1
wp_nl_d_a,1
nl_d_a_wp,1
d_a_wp_nd,2
a_wp_nd_v,2
wp_n_c_r,4
c_r_wp_r,1
r_wp_r_u,1
wp_r_u_p,1
r_u_p_n,1
p_n_n_k,1
n_n_k_wp,1
n_k_wp_p,3
k_wp_p_n,2
v_a_p_wp,1
a_p_wp_v,1
p_wp_v_d,1
a_wp_v_i,1
wp_v_i_u,2
c_r_wp_u,1
r_wp_u_p,2
u_p_v_a,1
d_v_u_r,1
n_d_wp_a,1
d_wp_a_d,1
nd_v_u_n,2
n_n_a_n,1
d_p_nd_wp,1
p_nd_wp_r,2
c_r_a_v,1
wp_v_c_nd,2
nt_r_d_n,1
r_d_n_u,1
d_v_i_c,1
v_i_c_n,1
i_c_n_wp,1
r_v_v_c,2
v_v_c_wp,1
c_wp_wp_n,2
wp_a_wp_c,1
u_v_v_c,2
v_p_n_a,2
p_n_a_c,1
n_a_c_d,2
m_q_wp_m,2
q_wp_m_n,2
m_q_wp_i,1
wp_i_wp_m,2
i_wp_m_n,2
wp_a_wp_i,2
n_v_j_c,2
v_j_c_wp,2
j_c_wp_c,1
c_wp_c_wp,1
nt_n_d_r,1
a_c_v_v,2
wp_c_a_u,1
n_r_u_r,1
r_u_r_wp,1
u_r_wp_nt,1
c_r_wp_nh,1
r_wp_nh_c,1
nh_c_r_wp,1
c_r_wp_c,1
r_wp_c_nd,1
wp_c_nd_a,1
c_nd_a_n,1
nd_a_n_c,1
a_n_c_r,1
r_wp_a_v,2
wp_b_u_v,1
b_u_v_u,1
d_v_n_k,2
k_v_p_a,1
n_wp_r_q,1
wp_r_q_d,1
q_d_v_a,1
wp_c_a_a,1
c_a_a_wp,2
wp_n_nt_c,2
n_nt_c_i,1
nt_c_i_wp,1
c_i_wp_a,1
a_wp_nh_i,1
wp_r_a_p,1
r_a_p_i,1
a_p_i_wp,1
a_d_v_r,1
p_a_wp_a,2
wp_a_p_j,1
a_p_j_a,1
p_j_a_wp,1
j_a_wp_d,1
j_c_wp_wp,1
r_ns_wp_p,1
v_u_p_a,2
u_p_a_u,2
a_d_v_a,1
u_wp_wp_i,2
r_nh_wp_wp,1
v_r_p_c,1
r_p_c_u,1
p_c_u_wp,1
c_u_wp_d,1
wp_wp_c_r,3
wp_nh_m_m,3
nh_m_m_m,3
m_m_m_m,2
m_m_m_nt,3
m_m_nt_wp,2
m_nt_wp_n,1
a_n_d_a,1
a_wp_a_r,2
wp_a_r_d,1
a_r_d_v,1
wp_c_c_p,1
c_c_p_n,1
wp_n_m_q,6
n_m_q_a,1
m_q_a_wp,1
q_a_wp_n,1
n_c_d_a,1
nt_n_v_u,1
nh_a_n_nh,2
a_n_nh_v,1
n_v_k_v,1
v_k_v_wp,1
k_v_wp_v,1
nh_c_wp_c,1
c_wp_c_v,1
d_v_r_j,1
v_r_j_wp,1
r_j_wp_v,1
v_n_p_d,2
u_wp_p_m,1
wp_p_m_q,2
q_wp_nt_j,1
j_a_n_wp,1
n_v_a_nh,2
a_nh_wp_a,1
c_v_v_nh,1
c_nh_v_v,2
wp_v_p_b,1
v_p_b_v,1
p_b_v_j,1
b_v_j_wp,1
d_v_n_nh,1
n_nh_c_v,1
p_r_wp_nh,3
c_n_r_wp,2
u_v_d_wp,1
v_d_wp_r,1
d_wp_r_d,2
wp_r_d_a,1
r_d_a_u,1
d_v_nh_c,1
v_nh_c_v,3
nh_v_d_v,3
nh_v_j_n,1
n_wp_p_nd,2
wp_p_nd_nd,1
p_nd_nd_v,1
nd_nd_v_wp,1
nd_v_wp_nt,1
nh_nh_c_n,1
wp_p_wp_d,1
p_wp_d_v,2
wp_j_v_p,2
j_v_p_nh,1
p_nh_v_n,2
j_j_n_v,1
n_v_v_nt,1
n_c_r_n,1
c_r_n_c,1
r_m_q_n,2
j_v_n_r,1
v_n_r_n,2
n_r_n_p,1
wp_n_k_wp,1
k_wp_n_n,1
wp_nd_c_v,2
d_a_u_n,2
a_u_n_d,1
u_n_d_wp,2
d_wp_wp_a,1
wp_a_j_n,1
a_j_n_v,1
wp_wp_p_a,1
r_wp_n_nd,2
wp_n_nd_wp,1
v_n_c_j,1
n_c_j_p,1
c_j_p_v,1
j_p_v_wp,2
wp_wp_v_j,2
v_j_v_u,1
nh_p_a_nd,1
p_a_nd_wp,2
a_nd_wp_n,1
v_p_a_nd,1
a_nd_wp_c,1
wp_v_m_p,1
v_m_p_n,1
m_p_n_c,1
nh_nh_v_nh,2
nh_v_n_j,1
v_n_j_n,1
nh_nh_v_nd,1
nh_v_nd_wp,1
d_v_m_wp,1
i_wp_nh_nh,1
v_v_v_m,1
wp_r_n_b,1
r_n_b_p,1
n_b_p_n,1
b_p_n_wp,1
d_v_nh_v,1
i_wp_v_nz,1
wp_v_nz_wp,1
v_nz_wp_v,1
nz_wp_v_r,1
v_r_nd_nd,1
r_nd_nd_wp,1
nd_nd_wp_j,1
nd_wp_j_v,1
j_v_c_v,1
wp_r_v_nh,1
d_v_c_nd,1
v_j_v_v,1
j_v_v_j,1
j_n_wp_j,1
wp_p_n_m,1
p_n_m_v,1
v_wp_d_m,1
wp_d_m_n,1
nd_wp_v_c,1
v_wp_j_nz,1
wp_j_nz_n,1
j_nz_n_d,1
nz_n_d_v,1
a_v_v_v,1
wp_n_d_nt,2
n_d_nt_n,1
d_nt_n_r,1
nt_n_r_n,1
c_r_d_nd,1
r_d_nd_wp,1
nh_nh_v_j,1
c_d_d_p,1
d_d_p_n,1
nh_c_v_nd,1
r_n_v_m,1
wp_j_n_d,1
j_n_d_d,1
wp_wp_b_i,1
m_m_nt_nt,1
m_nt_nt_wp,5
a_a_wp_r,2
d_v_nd_u,1
p_a_v_r,1
wp_p_p_n,5
wp_v_n_q,1
v_n_q_n,1
n_q_n_wp,1
n_v_r_d,1
d_n_v_v,2
c_n_v_a,2
n_v_a_c,2
u_wp_p_p,2
wp_p_p_nt,1
p_p_nt_n,1
nt_n_wp_r,2
d_wp_v_c,2
nh_wp_p_j,2
wp_p_j_wp,1
p_j_wp_j,1
n_v_v_j,2
v_v_j_wp,1
nh_nh_v_a,1
a_a_n_p,1
a_n_p_nd,1
nd_n_wp_a,1
ns_n_wp_n,2
nh_p_n_nh,1
v_n_d_nh,1
wp_a_n_nh,1
a_n_nh_r,1
n_nh_r_v,1
d_a_n_v,1
wp_n_a_p,2
n_a_p_v,2
a_p_v_wp,1
v_wp_v_k,3
wp_v_k_wp,1
k_wp_a_n,1
wp_nh_nh_ns,1
nh_nh_ns_wp,1
nh_ns_wp_v,1
ns_wp_v_n,3
wp_p_v_b,1
p_v_b_n,2
n_a_wp_i,2
wp_j_u_v,2
j_u_v_n,1
wp_nh_d_ns,1
nh_d_ns_wp,1
d_ns_wp_v,1
v_p_nt_n,1
p_nt_n_u,1
nt_n_u_nl,1
n_u_nl_wp,1
u_nl_wp_d,1
nl_wp_d_v,1
r_wp_nh_wp,4
p_p_a_n,2
n_u_n_k,4
u_n_k_wp,3
k_wp_p_a,1
v_v_wp_b,1
nh_n_p_v,2
n_d_nt_v,1
d_nt_v_n,1
nt_v_n_p,1
n_p_v_nh,3
wp_v_wp_b,1
d_v_b_n,3
c_v_wp_a,2
v_nh_wp_b,3
nh_wp_b_n,4
r_wp_b_n,1
r_wp_j_n,1
nh_nh_d_v,1
n_p_d_d,1
wp_r_u_c,1
r_u_c_k,1
u_c_k_wp,1
c_k_wp_n,1
wp_b_n_d,3
b_n_d_v,2
d_v_a_p,1
v_a_p_nt,1
nt_wp_nt_nt,2
nt_nt_wp_p,1
wp_nh_wp_i,1
wp_i_wp_nt,1
i_wp_nt_nh,1
nh_wp_j_n,2
v_wp_nh_a,1
nh_a_n_u,1
nh_wp_b_u,1
wp_b_u_n,1
p_v_n_p,2
nh_n_wp_i,1
wp_i_wp_b,2
i_wp_b_n,2
m_n_n_wp,6
n_i_wp_j,1
i_wp_j_n,1
wp_nd_v_a,1
nd_v_a_n,1
n_wp_v_nd,1
wp_n_r_nd,1
n_r_nd_wp,1
nd_wp_nh_n,1
nh_n_p_j,1
n_p_j_j,1
p_j_j_wp,1
j_wp_v_r,1
wp_v_r_nl,1
v_r_nl_wp,1
r_nl_wp_nh,1
nl_wp_nh_m,1
m_nt_m_nt,4
nt_m_nt_nt,4
wp_nh_nt_v,1
nh_nt_v_n,1
wp_m_n_nl,1
m_n_nl_wp,1
n_nl_wp_v,1
nl_wp_v_wp,2
n_p_a_a,2
p_a_a_wp,3
a_a_wp_nh,1
a_wp_nh_p,1
nh_p_n_n,2
nd_wp_i_wp,1
wp_d_wp_n,1
n_c_nd_wp,1
c_nd_wp_nh,1
a_wp_i_u,1
wp_i_u_v,1
i_u_v_wp,1
d_v_n_ns,1
v_n_ns_n,1
n_ns_n_v,1
ns_n_v_r,1
n_v_r_nd,2
u_n_c_nh,2
n_c_nh_i,1
c_nh_i_wp,1
v_wp_n_i,1
p_n_p_r,2
wp_r_c_wp,1
r_c_wp_u,1
c_wp_u_v,1
c_wp_v_r,1
v_r_v_m,1
p_v_u_a,1
wp_p_r_u,1
n_n_p_d,1
n_p_d_wp,1
p_d_wp_wp,2
c_p_r_m,1
nh_nh_p_n,2
nh_p_n_i,1
p_n_i_wp,1
wp_r_v_b,1
r_v_b_u,1
v_b_u_v,1
b_u_v_n,1
u_p_n_v,1
nh_p_wp_c,1
p_wp_c_d,1
n_k_wp_c,3
k_wp_c_nt,1
wp_c_nt_d,1
c_nt_d_v,1
nt_n_wp_b,1
a_n_wp_nt,4
b_n_p_n,1
nh_p_nh_p,1
p_nh_p_v,2
b_n_d_c,1
n_wp_ns_d,1
wp_ns_d_p,1
ns_d_p_n,1
wp_a_p_nd,2
a_p_nd_n,1
nd_n_wp_nt,1
nt_wp_v_j,1
v_j_n_nh,2
j_n_nh_n,1
nh_v_nh_n,2
v_nh_n_p,1
nh_n_p_nt,1
v_c_a_n,2
d_d_v_a,1
v_a_wp_j,2
a_wp_j_v,1
wp_j_v_a,1
j_v_n_c,4
p_n_k_a,1
n_k_a_wp,1
k_a_wp_c,1
wp_c_d_n,1
c_d_n_u,1
nh_u_n_a,1
u_n_a_c,1
nh_n_v_a,1
c_a_wp_d,2
d_p_nh_wp,1
nh_a_v_n,1
a_a_a_v,1
d_v_wp_ns,1
v_wp_ns_p,1
wp_ns_p_n,1
ns_p_n_c,1
p_n_c_d,1
c_v_n_d,1
v_n_d_p,4
wp_v_k_v,1
v_k_v_v,1
k_v_v_a,1
wp_nd_k_ns,1
nd_k_ns_nh,1
k_ns_nh_v,1
ns_nh_v_wp,1
nh_p_n_m,1
p_n_m_wp,1
n_m_wp_v,1
m_wp_v_nh,1
c_nh_wp_nt,1
nh_wp_nt_v,1
p_v_p_nd,1
wp_d_a_nd,1
d_a_nd_wp,1
a_nd_wp_v,1
nh_u_n_c,2
n_c_v_c,2
v_wp_nt_a,1
c_nh_n_wp,2
wp_v_nh_nt,1
v_nh_nt_v,1
nh_nt_v_wp,1
nt_nh_wp_ns,1
ns_d_v_wp,1
nh_v_nh_nh,1
u_wp_nh_u,2
u_wp_r_ns,1
wp_r_ns_v,1
r_ns_v_wp,1
ns_v_wp_nt,1
v_wp_nt_nd,1
nt_nd_n_u,1
u_u_wp_nd,1
nd_n_d_a,1
n_d_a_q,1
d_a_q_wp,1
a_q_wp_wp,1
r_wp_nt_i,1
i_wp_nh_a,1
nh_a_n_r,1
n_n_p_r,1
nh_nh_v_i,1
nh_v_i_wp,1
u_wp_a_k,1
a_k_n_v,1
k_n_v_p,1
ns_wp_n_a,1
q_wp_v_r,2
v_r_m_v,1
r_m_v_wp,1
m_v_wp_n,1
n_wp_m_d,1
wp_m_d_a,1
m_d_a_wp,1
nt_nh_v_v,1
u_wp_a_u,1
wp_nt_nh_nh,1
nt_nh_nh_n,1
nh_nh_n_r,2
nh_n_r_n,1
n_r_n_n,1
v_ns_wp_wp,1
q_wp_d_d,1
wp_nt_n_m,1
nt_n_m_q,1
nh_nt_nt_wp,2
v_nh_wp_ns,1
nh_wp_ns_n,1
wp_ns_n_p,1
ns_n_p_a,1
p_a_n_v,1
n_v_n_j,1
wp_wp_r_q,1
r_q_u_p,1
q_u_p_v,1
r_n_wp_i,3
n_wp_i_i,1
wp_i_i_wp,1
i_i_wp_wp,1
i_wp_wp_nt,1
n_v_nh_r,1
v_nh_r_n,1
wp_wp_r_nd,1
r_nd_v_c,1
nd_v_c_v,2
wp_nd_v_c,1
v_r_p_r,1
j_u_wp_nt,1
v_v_nh_c,1
r_v_wp_nt,2
a_u_wp_q,1
c_n_d_d,1
v_j_wp_d,1
nh_i_wp_n,2
nh_r_n_d,1
c_v_n_nh,1
wp_p_p_c,1
p_p_c_r,1
p_c_r_wp,1
nt_n_a_a,1
nh_n_u_d,1
n_u_r_nl,1
u_r_nl_wp,1
r_nl_wp_a,1
nl_wp_a_d,1
a_d_v_p,1
wp_p_r_nd,1
p_r_nd_n,1
r_nd_n_wp,1
p_v_nh_j,1
v_nh_j_wp,1
nh_j_wp_nh,1
nh_d_v_c,1
j_n_v_nh,1
nh_p_n_u,2
n_wp_nh_c,2
nh_c_v_n,1
n_c_n_c,2
c_v_m_v,1
m_v_u_n,1
wp_m_v_c,1
m_v_c_d,1
wp_n_a_nh,1
n_a_nh_n,1
a_nh_n_wp,1
wp_nd_n_r,1
nd_n_r_v,1
r_n_c_nd,1
r_n_c_a,1
c_a_r_n,2
nh_v_ns_n,2
v_ns_n_nd,1
ns_n_nd_v,1
nt_r_n_c,1
a_c_a_a,1
v_n_v_nt,1
n_v_nt_v,1
v_nt_v_wp,1
nt_v_wp_c,1
n_c_p_wp,1
c_p_wp_v,1
v_nh_d_p,1
nh_d_p_wp,1
p_wp_nh_d,1
wp_b_v_a,1
b_v_a_n,1
p_r_wp_i,1
nh_v_n_m,1
n_m_n_u,1
r_n_k_wp,2
n_k_wp_d,2
k_wp_d_u,1
r_n_wp_ns,2
n_wp_ns_p,2
wp_ns_p_v,1
ns_p_v_v,1
u_wp_b_u,1
m_q_wp_a,1
q_wp_a_c,1
wp_v_i_v,1
i_v_n_p,2
m_v_wp_m,1
wp_c_d_u,1
c_d_u_v,1
v_n_wp_nl,1
n_wp_nl_wp,1
wp_nl_wp_p,1
nl_wp_p_v,1
wp_ns_wp_p,1
wp_c_p_nt,1
c_p_nt_wp,1
wp_p_nh_a,1
nh_a_wp_nh,1
v_c_v_c,1
n_u_u_p,1
u_u_p_v,1
p_v_n_k,1
wp_nh_a_a,1
nh_a_a_n,1
a_a_n_v,1
r_p_nh_v,2
v_u_r_v,2
u_r_v_n,1
r_n_u_d,2
n_r_u_v,1
c_nt_v_wp,1
v_d_a_a,1
nh_n_p_a,1
wp_a_d_u,1
d_u_wp_nd,1
u_wp_nd_wp,1
nd_wp_n_b,1
b_n_v_p,1
v_wp_n_b,2
n_b_n_b,1
b_n_b_v,1
n_b_v_n,1
b_v_n_p,2
u_n_nh_nt,1
n_nh_nt_n,1
nh_nt_n_v,1
r_d_v_c,1
p_nt_n_d,1
u_p_n_d,1
c_v_nt_n,1
n_nd_wp_j,1
nd_wp_j_j,1
v_u_v_a,1
r_wp_c_b,1
wp_c_b_c,1
c_b_c_v,1
b_c_v_v,1
wp_m_r_n,1
m_r_n_wp,1
d_v_v_d,2
c_n_p_r,1
v_p_n_p,2
m_wp_v_v,2
m_wp_v_p,1
p_m_v_v,1
m_v_v_wp,1
p_r_v_a,1
p_r_n_k,1
wp_p_r_r,1
p_r_r_n,1
nh_d_p_v,1
v_wp_v_nl,1
wp_v_nl_p,1
v_nl_p_v,1
nl_p_v_wp,1
r_a_v_n,1
a_v_n_k,1
k_wp_c_n,1
p_a_wp_q,2
a_wp_q_p,2
wp_q_p_n,1
q_p_n_n,1
wp_q_p_ns,1
q_p_ns_n,1
v_n_p_b,1
n_p_b_n,1
r_v_p_nd,1
nd_wp_v_m,1
wp_b_v_wp,1
d_wp_n_c,1
wp_p_j_a,1
p_j_a_u,1
j_a_u_wp,1
nh_wp_c_p,1
v_a_u_nt,1
a_u_nt_wp,1
u_nt_wp_wp,1
nt_wp_wp_nh,1
nh_p_wp_nh,1
v_p_r_p,1
p_r_p_n,2
wp_v_v_nl,1
v_v_nl_wp,1
v_nl_wp_wp,1
nl_wp_wp_p,1
wp_wp_p_b,1
p_b_n_nh,1
b_n_nh_n,1
n_nh_n_n,1
d_v_p_m,1
c_d_v_nl,1
d_v_nl_wp,2
v_nl_wp_c,2
nl_wp_c_v,1
m_n_a_v,1
n_a_v_c,1
a_v_c_a,1
r_v_d_d,1
u_wp_v_nl,1
wp_v_nl_c,1
v_nl_c_v,1
nl_c_v_n,1
n_v_r_r,1
r_wp_wp_ns,1
d_v_n_r,1
p_n_p_a,1
a_wp_p_b,1
v_b_n_k,1
b_n_k_v,1
wp_d_a_c,1
nd_n_n_v,1
wp_b_v_j,1
b_v_j_n,1
wp_i_wp_nd,1
i_wp_nd_n,1
nd_n_n_d,1
i_wp_m_q,1
nt_n_d_p,1
d_p_n_c,2
p_n_c_i,1
p_nh_v_c,2
v_nh_u_p,1
u_p_v_v,2
p_v_v_k,1
k_wp_v_v,2
c_p_n_u,2
nd_wp_nh_i,1
p_wp_c_nd,1
wp_c_nd_n,1
c_nd_n_p,1
v_wp_c_i,1
c_i_wp_v,1
i_wp_v_wp,1
a_p_nd_c,1
p_nd_c_v,1
v_v_nh_d,1
v_nh_d_u,1
nh_d_u_wp,1
v_r_n_nd,1
r_n_nd_n,1
nd_n_u_nd,1
wp_n_c_nh,1
v_d_c_n,1
n_p_r_a,1
nh_p_b_nh,1
p_b_nh_wp,1
b_nh_wp_p,1
p_n_n_m,1
n_n_m_wp,1
v_n_d_u,1
n_d_u_n,1
d_u_n_a,1
v_n_n_d,1
n_d_wp_p,1
d_wp_p_nh,1
wp_p_nh_nd,1
p_nh_nd_wp,1
nh_nd_wp_n,1
nd_wp_n_m,2
q_wp_wp_a,1
p_n_n_d,1
u_wp_m_m,1
wp_m_m_m,1
m_m_m_n,2
m_m_n_wp,2
v_p_nh_r,1
p_nh_r_wp,1
nh_r_wp_d,1
nt_n_v_nh,3
n_v_nh_i,1
v_nh_i_wp,2
n_u_v_j,1
u_v_j_j,1
j_wp_v_nh,1
n_p_nh_p,1
wp_wp_n_b,1
wp_n_b_a,1
n_b_a_u,1
b_a_u_wp,1
n_p_n_k,1
k_wp_v_wp,1
a_n_n_a,1
wp_v_v_k,1
v_v_k_n,1
v_k_n_wp,1
k_n_wp_n,1
v_n_d_c,1
d_c_v_r,1
n_v_p_b,1
v_p_b_n,1
v_nd_wp_nd,1
nd_wp_nd_wp,1
wp_v_nd_v,1
n_v_m_v,1
v_m_v_n,1
wp_nt_wp_b,1
nt_wp_b_n,1
i_wp_nh_p,1
nt_wp_a_p,1
nh_wp_nh_q,2
wp_nh_q_p,2
nh_q_p_v,2
q_p_v_n,2
q_p_v_wp,1
wp_v_b_a,1
v_b_a_v,1
b_a_v_j,1
a_v_j_wp,1
v_j_wp_nt,1
j_wp_nt_wp,1
d_v_n_nd,1
n_nd_a_c,1
nd_a_c_a,1
v_v_c_a,1
v_u_wp_ns,1
u_wp_ns_r,1
wp_ns_r_v,1
ns_r_v_wp,1
n_wp_p_nl,1
wp_p_nl_wp,1
p_nl_wp_d,2
nl_wp_d_a,1
wp_d_a_p,1
n_a_wp_j,1
a_wp_j_j,1
v_v_n_j,1
j_wp_n_j,1
wp_n_j_c,1
n_j_c_v,1
nh_v_wp_ns,1
v_wp_ns_n,1
ns_n_u_n,1
wp_c_nh_wp,1
c_nh_wp_b,1
a_p_n_nd,1
u_v_a_c,1
v_n_wp_nz,1
n_wp_nz_n,1
wp_nz_n_wp,1
nz_n_wp_c,1
r_wp_p_p,1
wp_p_v_nh,2
v_wp_p_nd,1
wp_p_nd_nh,1
p_nd_nh_n,1
nd_nh_n_wp,2
u_v_a_p,1
a_p_n_u,1
n_d_wp_c,1
c_v_j_wp,2
wp_nh_wp_a,1
nh_wp_a_v,1
wp_a_v_d,2
wp_p_n_nt,1
p_n_nt_wp,1
r_v_nd_nh,1
v_nd_nh_n,1
nt_n_a_wp,1
n_a_wp_b,1
a_wp_b_n,1
n_r_d_u,1
wp_d_r_n,6
c_v_d_p,1
wp_c_r_m,1
c_r_m_n,1
r_m_n_n,2
v_wp_c_u,1
c_u_v_u,1
c_n_a_a,1
n_a_a_n,2
wp_wp_nh_nd,1
wp_nh_nd_v,1
nh_nd_v_n,1
v_a_wp_q,1
a_wp_q_%,1
wp_q_%_p,1
q_%_p_n,1
%_p_n_wp,1
n_b_wp_a,1
b_wp_a_u,1
u_wp_nt_a,1
wp_nt_a_n,1
nt_a_n_n,1
b_wp_nh_v,1
a_wp_p_nd,1
wp_p_nd_n,2
d_d_n_n,1
d_n_n_n,1
n_n_n_r,1
n_wp_a_j,1
wp_a_j_u,1
a_j_u_a,1
n_wp_i_d,1
wp_i_d_u,1
i_d_u_wp,1
u_r_v_u,1
n_u_r_v,1
u_r_v_wp,1
wp_nt_c_n,2
nt_c_n_wp,2
wp_p_a_u,1
p_a_u_n,1
c_j_v_a,1
nh_p_nh_v,1
wp_r_p_p,1
r_p_p_p,1
p_p_p_n,1
n_wp_r_nh,1
r_nh_u_wp,1
nh_c_a_n,1
n_n_u_u,1
n_r_n_d,1
r_n_d_d,1
v_p_d_r,1
p_d_r_wp,1
d_r_wp_p,1
wp_n_d_i,1
n_d_i_wp,1
wp_r_nt_c,1
r_nt_c_nd,1
nd_v_n_u,1
n_u_v_p,5
u_v_p_p,2
p_p_n_d,1
p_n_d_a,1
p_n_c_wp,1
n_c_wp_n,1
c_wp_n_v,2
d_wp_n_wp,1
n_c_c_n,1
c_c_n_wp,1
u_wp_n_nt,1
n_nt_c_nd,1
nd_v_r_n,1
r_n_u_nd,1
u_v_p_n,2
p_n_nd_u,1
v_p_nd_u,1
p_nd_u_wp,1
nd_u_wp_nh,1
nh_d_p_nh,1
v_ns_v_n,1
nt_wp_p_v,1
v_wp_nd_nh,2
nh_nh_nh_d,1
nh_nh_d_n,1
nh_d_n_v,1
d_n_v_n,1
nh_v_p_a,1
nd_nh_nh_wp,2
wp_r_wp_nh,2
v_c_r_r,1
n_n_n_n,2
wp_d_nh_a,1
d_nh_a_u,1
wp_a_k_v,1
a_k_v_n,1
k_v_n_v,1
n_k_v_n,1
k_v_n_c,1
n_k_v_v,1
k_v_v_r,1
c_n_p_d,1
nd_c_v_wp,1
n_v_nh_a,1
v_nh_a_c,1
nh_a_c_v,1
n_a_c_c,1
a_c_c_wp,1
c_c_wp_n,1
v_d_v_c,1
d_p_v_i,1
wp_v_m_m,1
v_m_m_m,1
wp_c_p_p,1
n_a_d_p,1
a_d_p_n,1
d_p_n_d,1
wp_m_p_n,1
m_p_n_u,1
a_v_n_r,1
r_v_r_a,1
r_a_wp_d,1
i_v_v_n,2
p_r_n_n,1
n_n_p_j,1
n_p_j_nh,1
p_j_nh_c,1
j_nh_c_r,1
n_wp_j_nh,2
wp_j_nh_u,1
j_nh_u_n,1
nh_r_p_v,2
d_n_n_wp,1
wp_j_nh_p,1
j_nh_p_v,1
n_n_c_ns,1
n_c_ns_n,1
c_ns_n_n,1
c_n_v_r,2
n_d_m_q,1
u_wp_v_b,1
v_b_n_u,1
b_n_u_v,1
n_n_u_a,1
u_a_wp_c,1
c_r_v_p,1
a_wp_nt_c,1
nt_c_v_v,1
wp_ns_p_r,1
ns_p_r_wp,1
r_wp_v_nt,2
v_nt_u_v,1
nt_u_v_wp,1
a_wp_j_u,1
k_u_wp_c,1
c_d_v_nh,1
n_p_v_j,1
c_p_a_v,1
v_u_wp_e,1
u_wp_e_wp,1
wp_e_wp_v,1
e_wp_v_v,1
v_v_d_n,1
v_n_n_i,1
nh_v_u_a,1
wp_v_k_d,1
v_k_d_d,1
k_d_d_v,1
d_d_v_i,1
wp_n_nd_nh,1
n_nd_nh_c,1
nd_nh_c_j,1
nh_c_j_j,1
v_p_nt_d,1
p_nt_d_d,1
nt_d_d_wp,1
u_wp_n_k,1
k_v_p_v,1
v_wp_d_nh,1
d_nh_v_u,1
wp_v_u_nh,1
v_u_nh_a,1
u_nh_a_wp,1
wp_u_p_d,1
u_p_d_v,1
nt_d_v_m,1
d_v_m_d,1
a_n_wp_m,1
n_wp_m_c,1
wp_m_c_n,1
m_c_n_u,1
wp_p_v_nz,1
p_v_nz_wp,1
v_nz_wp_n,1
j_v_wp_ns,1
v_wp_ns_v,1
ns_v_v_n,1
u_wp_v_k,1
wp_v_k_p,1
v_k_p_r,1
k_p_r_p,1
p_r_p_r,2
v_p_r_a,1
p_r_a_u,1
u_n_v_a,1
wp_j_n_nh,1
j_n_nh_v,1
u_v_p_nh,1
r_v_p_d,1
v_p_d_wp,2
wp_n_n_ns,1
n_n_ns_wp,1
n_ns_wp_n,1
d_d_v_m,1
p_d_c_nd,1
d_c_nd_v,1
j_j_v_c,1
j_v_c_n,1
p_nh_n_v,1
d_wp_v_r,2
c_nh_v_r,2
r_wp_nh_u,1
u_wp_wp_r,1
u_n_v_m,1
v_nh_a_n,1
a_n_nh_n,1
n_nh_n_u,1
c_n_n_j,1
n_n_j_p,1
n_j_p_v,1
wp_nt_v_d,1
nt_v_d_n,1
v_d_n_b,1
d_n_b_wp,1
n_b_wp_v,1
b_wp_v_a,1
v_a_c_d,1
wp_a_d_nd,1
a_d_nd_v,1
d_nd_v_v,1
c_m_q_u,1
m_q_u_v,1
u_wp_b_r,1
wp_b_r_p,1
b_r_p_v,1
v_i_wp_c,1
i_wp_c_d,1
n_p_v_ns,2
p_v_ns_wp,3
v_ns_wp_nh,1
ns_wp_nh_nh,1
nh_nh_nh_p,1
nh_nh_v_ns,1
ns_n_wp_nh,2
nh_n_v_ns,1
wp_v_nh_r,1
v_nh_r_p,1
n_wp_j_r,1
j_r_v_v,1
nh_p_v_ns,1
p_v_ns_n,1
v_v_nh_r,1
v_nh_r_wp,1
nh_r_wp_nh,1
r_wp_nh_j,1
nh_j_wp_j,1
k_u_wp_r,1
wp_r_n_k,1
k_wp_d_v,1
c_nd_v_p,1
nd_v_p_nh,1
r_c_n_d,1
c_n_d_n,1
r_p_r_p,1
n_c_v_a,3
u_n_k_m,2
n_k_m_v,1
k_m_v_n,1
n_k_m_n,1
k_m_n_wp,1
v_a_q_n,1
a_q_n_wp,1
nh_r_n_wp,1
j_j_j_j,1
v_c_v_j,1
d_a_v_a,1
u_wp_u_v,1
wp_u_v_r,1
u_v_r_a,1
k_wp_c_p,1
c_p_v_p,1
p_v_p_i,1
p_i_wp_m,1
m_n_c_a,1
n_c_a_wp,2
r_n_p_nd,1
nt_nh_n_a,1
c_a_wp_nt,1
nt_d_v_d,1
u_d_v_p,2
p_d_wp_r,1
d_d_v_d,1
nt_n_v_d,1
v_wp_nt_b,1
wp_nt_b_v,1
nt_b_v_n,1
u_u_wp_d,1
r_a_v_nd,1
a_v_nd_p,1
v_nd_p_ns,1
nd_p_ns_u,1
wp_nt_wp_ns,1
nt_wp_ns_n,1
ns_n_v_n,1
wp_p_n_nd,1
nd_wp_r_a,1
wp_r_a_q,1
r_a_q_n,1
a_q_n_p,1
q_n_p_n,1
wp_b_a_v,1
b_a_v_wp,1
n_d_d_u,1
m_v_wp_c,1
v_r_nd_m,1
r_nd_m_v,1
nd_m_v_wp,1
p_v_wp_nd,1
r_c_v_d,1
c_v_d_a,1
a_nh_v_v,1
n_wp_nt_i,1
nt_i_wp_n,1
nh_v_c_n,1
v_u_n_nl,1
u_n_nl_wp,1
n_nl_wp_d,1
nl_wp_d_r,1
wp_v_d_nt,1
v_d_nt_c,1
d_nt_c_v,1
v_n_r_q,1
r_q_v_n,1
r_u_n_c,1
n_v_b_v,1
r_n_d_p,1
u_u_wp_v,2
v_wp_a_k,1
a_k_n_n,1
k_n_n_wp,1
v_m_n_k,1
a_d_a_n,1
r_nd_u_wp,2
nd_u_wp_c,1
c_v_nt_nh,1
v_nt_nh_wp,1
wp_nt_r_wp,1
nt_r_wp_r,1
wp_v_nh_i,1
nh_i_wp_r,1
i_wp_r_nd,1
r_nd_v_nh,1
nd_v_nh_a,1
d_v_u_nd,1
q_v_wp_v,1
v_p_v_nt,1
p_v_nt_wp,1
wp_nh_r_nd,1
nh_r_nd_u,1
nt_v_wp_d,1
r_wp_wp_nz,1
nz_wp_v_u,1
wp_p_wp_n,1
p_wp_n_wp,2
wp_r_wp_v,1
wp_j_wp_wp,1
j_wp_wp_wp,1
wp_u_wp_v,1
c_d_i_v,1
q_wp_r_n,1
wp_a_v_b,1
a_v_b_n,1
v_b_n_c,1
r_r_m_n,2
r_m_n_u,2
nd_n_wp_r,1
i_u_n_v,1
wp_p_nt_p,1
nt_p_v_v,1
nh_n_n_r,1
d_v_ns_m,1
v_ns_m_n,1
ns_m_n_n,1
u_wp_n_ns,1
wp_n_ns_d,1
n_ns_d_v,1
ns_d_v_nh,1
v_nh_u_u,1
nh_u_u_v,1
u_u_v_n,1
nt_v_v_v,1
n_u_wp_ns,1
u_wp_ns_u,1
wp_ns_u_d,1
ns_u_d_v,1
v_u_r_p,1
u_r_p_v,1
wp_nh_wp_nd,2
nh_wp_nd_v,1
nd_v_n_r,1
nd_v_n_p,1
wp_a_r_wp,1
a_r_wp_v,1
wp_r_c_nh,1
r_c_nh_wp,1
d_wp_c_n,1
wp_n_d_k,1
n_d_k_wp,1
d_k_wp_n,1
k_wp_n_a,1
a_wp_a_n,1
n_a_u_v,1
n_d_p_d,1
d_p_d_r,1
p_d_r_n,1
d_r_n_n,1
v_r_u_v,1
p_r_v_d,1
n_v_u_d,1
r_n_nh_p,1
n_nh_p_nt,1
nt_wp_r_d,1
d_n_n_a,1
b_n_wp_a,1
a_v_a_v,1
wp_c_j_p,1
c_j_p_r,1
j_p_r_u,1
d_n_n_r,1
j_n_nh_a,1
n_nh_a_n,1
nh_wp_nd_nh,2
nd_nh_nh_n,1
n_p_p_r,1
p_v_nh_u,2
nh_d_a_u,1
v_a_nh_nl,1
a_nh_nl_wp,1
nh_nl_wp_v,1
c_v_p_nl,1
nl_wp_d_p,1
wp_nt_c_d,1
nt_c_d_a,1
a_wp_p_p,1
p_p_r_j,1
p_r_j_wp,1
r_j_wp_n,1
n_d_d_a,1
r_v_d_p,1
v_wp_nt_m,1
nh_c_wp_d,1
c_wp_d_n,1
i_wp_v_nh,1
wp_wp_nd_c,1
nd_c_v_v,1
r_v_nh_v,1
n_u_v_m,1
u_v_m_u,1
v_m_u_n,1
m_u_n_u,1
nt_r_d_d,1
r_wp_a_q,1
wp_a_q_p,1
a_q_p_v,1
q_p_v_r,1
v_c_nd_p,1
c_nd_p_n,1
nd_p_n_v,1
nh_p_v_u,3
m_nt_wp_nh,1
v_d_v_nl,1
d_v_nl_u,1
v_nl_u_wp,1
nl_u_wp_v,1
nh_v_d_n,1
u_u_d_v,1
u_d_v_d,2
wp_c_p_d,1
c_p_d_v,1
c_nh_v_nh,1
v_wp_m_a,1
wp_m_a_u,1
m_a_u_d,1
c_n_a_u,1
nh_wp_wp_a,1
wp_wp_p_m,1
n_v_d_n,1
r_u_v_v,1
v_c_v_ns,1
c_v_ns_u,1
v_ns_u_a,1
ns_u_a_wp,1
n_v_p_i,1
p_i_wp_wp,1
p_r_wp_a,1
a_p_r_v,1
c_n_wp_nt,1
v_wp_m_wp,1
wp_m_wp_nh,1
v_p_ns_c,1
p_ns_c_v,1
ns_c_v_wp,1
n_wp_nd_nh,1
nh_nh_wp_nd,1
wp_nd_nh_v,1
nd_nh_v_n,1
a_c_n_n,1
wp_a_u_i,1
a_u_i_u,1
i_u_wp_n,1
d_a_d_i,1
a_d_i_wp,1
r_d_wp_p,1
v_wp_c_wp,1
nh_v_v_d,1
v_v_d_wp,1
c_v_c_d,1
c_d_v_c,1
d_v_c_q,1
v_c_q_n,1
v_c_d_i,1
d_i_wp_r,1
i_wp_r_n,1
c_d_wp_d,1
a_c_d_n,1
c_d_n_wp,1
n_k_wp_u,1
k_wp_u_p,1
wp_c_a_r,1
wp_c_v_q,1
c_v_q_n,1
v_q_n_v,1
n_a_n_c,1
wp_v_p_wp,1
wp_m_n_nt,1
m_n_nt_nt,1
n_nt_nt_wp,1
nt_u_wp_nh,1
wp_r_n_i,1
r_n_i_wp,1
i_wp_nt_c,1
wp_wp_nt_c,1
wp_nt_c_r,1
nt_c_r_n,1
u_wp_nh_r,1
wp_d_d_m,1
d_d_m_q,1
n_d_v_nl,1
nl_wp_c_d,1
n_p_d_u,1
p_d_u_wp,1
u_wp_n_j,1
n_j_v_wp,2
j_v_wp_wp,2
q_wp_d_r,1
d_r_v_nh,1
nh_v_a_a,1
v_a_a_p,2
a_a_p_n,2
a_p_n_nh,1
p_n_nh_i,1
n_nh_i_wp,1
wp_r_m_q,1
q_n_wp_d,1
nt_nt_wp_a,1
nt_wp_a_v,1
nt_wp_r_i,1
wp_r_i_v,2
r_i_v_n,1
r_wp_nh_r,1
wp_c_r_i,1
c_r_i_v,1
r_i_v_a,1
i_v_a_v,1
v_a_v_u,1
v_ns_wp_ns,1
ns_wp_ns_n,1
ns_n_u_wp,1
nt_r_d_v,1
d_v_a_a,1
wp_r_j_r,1
r_j_r_n,1
u_wp_r_i,1
r_i_v_v,1
nd_n_wp_j,1
d_c_v_v,1
wp_p_nh_p,1
ns_v_wp_v,1
nh_wp_j_d,1
c_v_n_i,1
wp_nh_n_nd,1
nh_n_nd_wp,1
d_v_n_j,1
n_j_wp_v,1
wp_n_v_q,1
n_v_q_p,1
v_q_p_v,1
wp_v_q_n,1
v_q_n_wp,1
q_n_wp_i,1
r_nh_wp_j,1
j_n_v_r,1
m_n_wp_b,1
v_n_n_m,1
n_n_m_n,1
m_v_wp_a,1
v_p_n_j,1
p_n_j_v,1
nd_wp_c_i,1
wp_c_i_u,1
c_i_u_c,1
i_u_c_n,1
n_v_v_m,1
m_wp_v_m,2
wp_v_m_wp,2
v_m_wp_r,1
m_wp_r_v,1
nh_n_p_r,1
c_v_p_nd,1
nd_wp_r_r,1
r_wp_c_wp,1
wp_wp_m_nd,1
wp_m_nd_u,1
m_nd_u_n,1
nd_u_n_wp,1
p_nt_v_n,1
wp_p_wp_a,1
p_wp_a_wp,1
wp_v_v_nz,1
v_v_nz_v,1
v_nz_v_wp,1
nz_v_wp_r,1
v_wp_c_nl,1
wp_c_nl_v,1
c_nl_v_n,1
nl_v_n_wp,1
r_n_d_m,1
n_d_m_n,1
d_m_n_u,1
